frame_path,generated_caption,label
video_frames/0/frame_000.jpg,김수현이 수트와 타이를 매고 김지원을 바라보는 장면,10CM - 고장난걸까
video_frames/0/frame_001.jpg,김수현이 수트와 타이를 매고 김지원을 바라보는 장면,10CM - 고장난걸까
video_frames/0/frame_002.jpg,김수현이 수트와 타이를 매고 김지원을 바라보는 장면,10CM - 고장난걸까
video_frames/0/frame_003.jpg,김수현이 수트와 타이를 매고 김지원을 바라보는 장면,10CM - 고장난걸까
video_frames/0/frame_004.jpg,김수현이 수트와 타이를 매고 김지원을 바라보는 장면,10CM - 고장난걸까
video_frames/0/frame_005.jpg,김지원 이 검은 머리를 찰랑거리며 김수현을 바라보며 얘기하는 장면,10CM - 고장난걸까
video_frames/0/frame_006.jpg,김지원 이 검은 머리를 찰랑거리며 김수현을 바라보며 얘기하는 장면,10CM - 고장난걸까
video_frames/0/frame_007.jpg,김지원 이 검은 머리를 찰랑거리며 김수현을 바라보며 얘기하는 장면,10CM - 고장난걸까
video_frames/0/frame_008.jpg,김지원 이 검은 머리를 찰랑거리며 김수현을 바라보며 얘기하는 장면,10CM - 고장난걸까
video_frames/0/frame_009.jpg,김지원 이 검은 머리를 찰랑거리며 김수현을 바라보며 얘기하는 장면,10CM - 고장난걸까
video_frames/0/frame_010.jpg,김수현 이 수트와 타이를 매고 김지원을 바라보는 장면,10CM - 고장난걸까
video_frames/0/frame_011.jpg,김수현 이 수트와 타이를 매고 김지원을 바라보는 장면,10CM - 고장난걸까
video_frames/0/frame_012.jpg,김수현 이 수트와 타이를 매고 김지원을 바라보는 장면,10CM - 고장난걸까
video_frames/0/frame_013.jpg,김수현이 수트와 타이를 매고 김지원을 바라보는 장면,10CM - 고장난걸까
video_frames/0/frame_014.jpg,김지원 이 검은 머리를 찰랑거리며 김수현을 바라보며 얘기하는 장면,10CM - 고장난걸까
video_frames/0/frame_015.jpg,김지원 이 검은 머리를 찰랑거리며 김수현을 바라보며 얘기하는 장면,10CM - 고장난걸까
video_frames/0/frame_016.jpg,김수현 이 수트와 타이를 매고 김지원을 바라보는 장면,10CM - 고장난걸까
video_frames/0/frame_017.jpg,김수현 이 수트와 타이를 매고 김지원을 바라보는 장면,10CM - 고장난걸까
video_frames/0/frame_018.jpg,김수현과 김지원 크리스마스 트리 앞에서 김수현이 신경쓰인다고 고백하는 장면,10CM - 고장난걸까
video_frames/0/frame_019.jpg,김수현과 김지원 크리스마스 트리 앞에서 김수현이 신경쓰인다고 고백하는 장면,10CM - 고장난걸까
video_frames/0/frame_020.jpg,김수현과 김지원 크리스마스 트리 앞에서 김수현이 신경쓰인다고 고백하는 장면,10CM - 고장난걸까
video_frames/0/frame_021.jpg,김수현과 김지원 크리스마스 트리 앞에서 김수현이 신경쓰인다고 고백하는 장면,10CM - 고장난걸까
video_frames/1/frame_000.jpg,카메라가 천장을 바라보는 장면,김나영 - 일기
video_frames/1/frame_001.jpg,카메라가 천장을 바라보는 장면,김나영 - 일기
video_frames/1/frame_002.jpg,김수현 이 침대에 누워있는 장면,김나영 - 일기
video_frames/1/frame_003.jpg,김수현 이 침대에 누워있는 장면,김나영 - 일기
video_frames/1/frame_004.jpg,김수현 이 침대에 누워있는 장면,김나영 - 일기
video_frames/1/frame_005.jpg,김수현 이 침대에 누워있는 장면,김나영 - 일기
video_frames/1/frame_006.jpg,김수현 이 침대에 누워있는 장면,김나영 - 일기
video_frames/1/frame_007.jpg,김수현 이 침대에 누워있는 장면,김나영 - 일기
video_frames/1/frame_008.jpg,김수현 이 침대에 누워서 울기 시작하는 장면,김나영 - 일기
video_frames/1/frame_009.jpg,김수현 이 침대에 누워서 울기 시작하는 장면,김나영 - 일기
video_frames/1/frame_010.jpg,김수현 이 침대에 누워서 울기 시작하는 장면,김나영 - 일기
video_frames/1/frame_011.jpg,김수현 이 침대에 누워서 울기 시작하는 장면,김나영 - 일기
video_frames/1/frame_012.jpg,김수현 이 침대에 누워서 울기 시작하는 장면,김나영 - 일기
video_frames/1/frame_013.jpg,김수현 이 침대에 누워서 울기 시작하는 장면,김나영 - 일기
video_frames/1/frame_014.jpg,김수현 이 침대에 누워서 울기 시작하는 장면,김나영 - 일기
video_frames/1/frame_015.jpg,김수현 이 침대에 누워서 울기 시작하는 장면,김나영 - 일기
video_frames/1/frame_016.jpg,김수현 이 침대에 누워서 숨죽이며 우는 장면,김나영 - 일기
video_frames/1/frame_017.jpg,김수현 이 침대에 누워서 숨죽이며 우는 장면,김나영 - 일기
video_frames/1/frame_018.jpg,김수현 이 침대에 누워서 숨죽이며 우는 장면,김나영 - 일기
video_frames/1/frame_019.jpg,김수현 이 침대에 누워서 숨죽이며 우는 장면,김나영 - 일기
video_frames/1/frame_020.jpg,김수현 이 침대에 누워서 숨죽이며 우는 장면,김나영 - 일기
video_frames/1/frame_021.jpg,김수현 이 침대에 누워서 숨죽이며 우는 장면,김나영 - 일기
video_frames/1/frame_022.jpg,김지원이 태아의 사진을 꺼내는 장면,김나영 - 일기
video_frames/1/frame_023.jpg,김지원이 태아의 사진을 꺼내는 장면,김나영 - 일기
video_frames/1/frame_024.jpg,김지원이 태아의 사진을 꺼내는 장면,김나영 - 일기
video_frames/1/frame_025.jpg,김지원이 태아의 사진을 꺼내는 장면,김나영 - 일기
video_frames/1/frame_026.jpg,김지원이 태아의 사진을 꺼내는 장면,김나영 - 일기
video_frames/1/frame_027.jpg,김지원이 태아의 사진을 들고 테이블에 앉아있는 장면,김나영 - 일기
video_frames/1/frame_028.jpg,김지원이 태아의 사진을 들고 테이블에 앉아있는 장면,김나영 - 일기
video_frames/1/frame_029.jpg,김지원이 태아의 사진을 서랍에 넣는 장면,김나영 - 일기
video_frames/1/frame_030.jpg,김지원이 방안에 외로이 혼자 앉아있는 모습,김나영 - 일기
video_frames/1/frame_031.jpg,김지원이 방안에 외로이 혼자 앉아있는 모습,김나영 - 일기
video_frames/1/frame_032.jpg,김지원이 태아의 사진을 들고 테이블에 앉아있는 장면,김나영 - 일기
video_frames/1/frame_033.jpg,김지원이 태아의 사진을 들고 테이블에 앉아있는 장면,김나영 - 일기
video_frames/1/frame_034.jpg,김지원이 태아의 사진을 들고 테이블에 앉아있는 장면,김나영 - 일기
video_frames/1/frame_035.jpg,김지원이 태아의 사진을 들고 테이블에 앉아있는 장면,김나영 - 일기
video_frames/1/frame_036.jpg,김지원이 태아의 사진을 들고 그리워하며 앉아있는 장면,김나영 - 일기
video_frames/1/frame_037.jpg,김지원이 태아의 사진을 들고 그리워하며 앉아있는 장면,김나영 - 일기
video_frames/1/frame_038.jpg,김지원이 태아의 사진을 들고 그리워하며 앉아있는 장면,김나영 - 일기
video_frames/1/frame_039.jpg,김지원이 태아의 사진을 들고 울먹이며 앉아있는 장면,김나영 - 일기
video_frames/1/frame_040.jpg,김지원이 태아의 사진을 들고 울먹이며 앉아있는 장면,김나영 - 일기
video_frames/1/frame_041.jpg,김지원이 태아의 사진을 들고 울먹이며 앉아있는 장면,김나영 - 일기
video_frames/1/frame_042.jpg,김지원이 태아의 사진을 들고 울먹이며 앉아있는 장면,김나영 - 일기
video_frames/1/frame_043.jpg,김지원이 태아의 사진을 만지작거리며 앉아있는 장면,김나영 - 일기
video_frames/1/frame_044.jpg,김지원이 태아의 사진을 만지작거리며 앉아있는 장면,김나영 - 일기
video_frames/1/frame_045.jpg,김지원이 태아의 사진을 만지작거리며 앉아있는 장면,김나영 - 일기
video_frames/1/frame_046.jpg,김지원이 태아의 사진을 들고 울먹이며 앉아있는 장면,김나영 - 일기
video_frames/1/frame_047.jpg,김지원이 태아의 사진을 들고 울먹이며 앉아있는 장면,김나영 - 일기
video_frames/1/frame_048.jpg,김지원이 태아의 사진을 들고 울먹이며 앉아있는 장면,김나영 - 일기
video_frames/1/frame_049.jpg,김지원이 태아의 사진을 들고 울먹이며 앉아있는 장면,김나영 - 일기
video_frames/1/frame_050.jpg,김지원이 태아의 사진을 들고 울먹이며 앉아있는 장면,김나영 - 일기
video_frames/1/frame_051.jpg,김수현 이 침대에 누워서 숨죽이며 우는 장면,김나영 - 일기
video_frames/1/frame_052.jpg,김수현 이 침대에 누워서 숨죽이며 우는 장면,김나영 - 일기
video_frames/1/frame_053.jpg,김수현 이 침대에 누워서 숨죽이며 우는 장면,김나영 - 일기
video_frames/1/frame_054.jpg,김수현 이 침대에 누워서 숨죽이며 우는 장면,김나영 - 일기
video_frames/1/frame_055.jpg,김수현 이 침대에 누워서 숨죽이며 우는 장면,김나영 - 일기
video_frames/1/frame_056.jpg,김수현 이 침대에 누워서 숨죽이며 우는 장면,김나영 - 일기
video_frames/1/frame_057.jpg,김수현 이 침대에 누워서 숨죽이며 우는 장면,김나영 - 일기
video_frames/1/frame_058.jpg,김수현 이 침대에 누워서 숨죽이며 우는 장면,김나영 - 일기
video_frames/1/frame_059.jpg,김지원과 김수현의 아이의 방을 보여주는 장면,김나영 - 일기
video_frames/1/frame_060.jpg,김지원과 김수현의 아이의 방을 보여주는 장면,김나영 - 일기
video_frames/1/frame_061.jpg,김지원과 김수현의 아이의 방을 보여주는 장면,김나영 - 일기
video_frames/1/frame_062.jpg,김지원이 태아의 사진을 들고 앉아있는 장면,김나영 - 일기
video_frames/1/frame_063.jpg,김지원이 태아의 사진을 찢으려다 마는 장면,김나영 - 일기
video_frames/1/frame_064.jpg,김지원이 태아의 사진을 찢으려다 마는 장면,김나영 - 일기
video_frames/1/frame_065.jpg,김지원이 태아의 사진을 찢으려다 마는 장면,김나영 - 일기
video_frames/1/frame_066.jpg,김지원이 태아의 사진을 찢으려다 마는 장면,김나영 - 일기
video_frames/1/frame_067.jpg,김지원이 태아의 사진을 찢으려다 마는 장면,김나영 - 일기
video_frames/1/frame_068.jpg,김지원이 태아의 사진을 찢으려다 마는 장면,김나영 - 일기
video_frames/1/frame_069.jpg,김지원이 태아의 사진을 찢으려다 마는 장면,김나영 - 일기
video_frames/1/frame_070.jpg,김지원이 태아의 사진을 찢으려다 마는 장면,김나영 - 일기
video_frames/1/frame_071.jpg,김지원이 태아의 사진을 찢으려다 마는 장면,김나영 - 일기
video_frames/1/frame_072.jpg,김지원이 태아의 사진을 찢으려다 마는 장면,김나영 - 일기
video_frames/1/frame_073.jpg,김수현 이 침대에 누워서 숨죽이며 우는 장면,김나영 - 일기
video_frames/1/frame_074.jpg,김수현 이 침대에 누워서 숨죽이며 우는 장면,김나영 - 일기
video_frames/1/frame_075.jpg,김수현 이 침대에 누워서 숨죽이며 우는 장면,김나영 - 일기
video_frames/1/frame_076.jpg,김수현 이 침대에 누워서 숨죽이며 우는 장면,김나영 - 일기
video_frames/1/frame_077.jpg,김수현 이 침대에 누워서 숨죽이며 우는 장면,김나영 - 일기
video_frames/1/frame_078.jpg,김수현 이 침대에 누워서 숨죽이며 우는 장면,김나영 - 일기
video_frames/1/frame_079.jpg,김수현 이 침대에 누워서 숨죽이며 우는 장면,김나영 - 일기
video_frames/1/frame_080.jpg,김지원과 김수현의 아이의 방을 보여주는 장면,김나영 - 일기
video_frames/1/frame_081.jpg,김지원과 김수현의 아이의 방을 보여주는 장면,김나영 - 일기
video_frames/1/frame_082.jpg,김지원이 태아의 사진을 찢으려다 마는 장면,김나영 - 일기
video_frames/1/frame_083.jpg,김지원이 태아의 사진을 찢으려다 마는 장면,김나영 - 일기
video_frames/1/frame_084.jpg,김지원이 태아의 사진을 찢으려다 마는 장면,김나영 - 일기
video_frames/1/frame_085.jpg,김지원이 태아의 사진을 찢으려다 마는 장면,김나영 - 일기
video_frames/1/frame_086.jpg,김지원이 태아의 사진을 찢으려다 마는 장면,김나영 - 일기
video_frames/1/frame_087.jpg,김지원이 태아의 사진을 찢으려다 마는 장면,김나영 - 일기
video_frames/1/frame_088.jpg,김지원이 태아의 사진을 찢으려다 마는 장면,김나영 - 일기
video_frames/1/frame_089.jpg,김지원이 태아의 사진을 찢으려다 마는 장면,김나영 - 일기
video_frames/1/frame_090.jpg,김지원이 태아의 사진을 찢으려다 마는 장면,김나영 - 일기
video_frames/1/frame_091.jpg,김지원이 태아의 사진을 찢으려다 마는 장면,김나영 - 일기
video_frames/1/frame_092.jpg,김지원이 태아의 사진을 찢으려다 마는 장면,김나영 - 일기
video_frames/1/frame_093.jpg,김지원이 울먹이며 자신을 저주하는 장면,김나영 - 일기
video_frames/1/frame_094.jpg,김지원이 울먹이며 자신을 저주하는 장면,김나영 - 일기
video_frames/1/frame_095.jpg,김지원이 울먹이며 자신을 저주하는 장면,김나영 - 일기
video_frames/1/frame_096.jpg,김지원이 울먹이며 자신을 저주하는 장면,김나영 - 일기
video_frames/1/frame_097.jpg,김지원이 울먹이며 자신을 저주하는 장면,김나영 - 일기
video_frames/1/frame_098.jpg,김지원이 울먹이며 자신을 저주하는 장면,김나영 - 일기
video_frames/1/frame_099.jpg,김지원이 울먹이며 자신을 저주하는 장면,김나영 - 일기
video_frames/10/frame_000.jpg,김지원과 김수현이 우산을 같이 쓰며 손을 잡고 있는 장면,홍이삭 - fallin'
video_frames/10/frame_001.jpg,김지원과 김수현이 우산을 같이 쓰며 손을 잡고 있는 장면,홍이삭 - fallin'
video_frames/10/frame_002.jpg,김수현이 우산을 쓰고 수트와 타이를 매고 김지원을 바라보는 장면,홍이삭 - fallin'
video_frames/10/frame_003.jpg,김수현이 우산을 쓰고 수트와 타이를 매고 김지원을 바라보는 장면,홍이삭 - fallin'
video_frames/10/frame_004.jpg,김수현이 우산을 쓰고 수트와 타이를 매고 김지원을 바라보는 장면,홍이삭 - fallin'
video_frames/10/frame_005.jpg,김수현이 우산을 쓰고 수트와 타이를 매고 김지원을 바라보는 장면,홍이삭 - fallin'
video_frames/10/frame_006.jpg,김지원이 과거에 자신이 말한것을 김수현에게 똑같이 말하는 장면,홍이삭 - fallin'
video_frames/10/frame_007.jpg,김지원이 과거에 자신이 말한것을 김수현에게 똑같이 말하는 장면,홍이삭 - fallin'
video_frames/10/frame_008.jpg,김지원이 과거에 자신이 말한것을 김수현에게 똑같이 말하는 장면,홍이삭 - fallin'
video_frames/10/frame_009.jpg,김지원이 과거에 자신이 말한것을 김수현에게 똑같이 말하는 장면,홍이삭 - fallin'
video_frames/10/frame_010.jpg,김수현이 우산을 쓰고 수트와 타이를 매고 김지원을 바라보는 장면,홍이삭 - fallin'
video_frames/10/frame_011.jpg,김수현이 우산을 쓰고 수트와 타이를 매고 김지원을 바라보는 장면,홍이삭 - fallin'
video_frames/10/frame_012.jpg,김수현이 우산을 쓰고 수트와 타이를 매고 김지원을 바라보는 장면,홍이삭 - fallin'
video_frames/10/frame_013.jpg,김수현이 우산을 쓰고 수트와 타이를 매고 김지원을 바라보는 장면,홍이삭 - fallin'
video_frames/10/frame_014.jpg,김지원이 과거에 자신이 말한것을 김수현에게 똑같이 말하는 장면,홍이삭 - fallin'
video_frames/10/frame_015.jpg,김지원이 과거에 자신이 말한것을 김수현에게 똑같이 말하는 장면,홍이삭 - fallin'
video_frames/10/frame_016.jpg,김지원이 과거에 자신이 말한것을 김수현에게 똑같이 말하는 장면,홍이삭 - fallin'
video_frames/10/frame_017.jpg,김지원이 과거에 자신이 말한것을 김수현에게 똑같이 말하는 장면,홍이삭 - fallin'
video_frames/10/frame_018.jpg,김수현이 우산을 쓰고 수트와 타이를 매고 김지원을 바라보는 장면,홍이삭 - fallin'
video_frames/10/frame_019.jpg,김수현이 우산을 쓰고 수트와 타이를 매고 김지원을 바라보는 장면,홍이삭 - fallin'
video_frames/10/frame_020.jpg,김수현이 우산을 쓰고 수트와 타이를 매고 김지원을 바라보는 장면,홍이삭 - fallin'
video_frames/10/frame_021.jpg,김지원이 과거에 자신이 말한것을 김수현에게 똑같이 말하는 장면,홍이삭 - fallin'
video_frames/10/frame_022.jpg,김지원이 과거에 자신이 말한것을 김수현에게 똑같이 말하는 장면,홍이삭 - fallin'
video_frames/10/frame_023.jpg,김지원이 과거에 자신이 말한것을 김수현에게 똑같이 말하는 장면,홍이삭 - fallin'
video_frames/10/frame_024.jpg,김수현 이 우산을 쓰고 김지원을 바라보는 장면,홍이삭 - fallin'
video_frames/10/frame_025.jpg,김수현 이 우산을 쓰고 김지원을 바라보는 장면,홍이삭 - fallin'
video_frames/10/frame_026.jpg,김수현 이 우산을 쓰고 김지원을 바라보는 장면,홍이삭 - fallin'
video_frames/10/frame_027.jpg,김수현이 기억을잃은 김지원을 바라보며 우는 장면,홍이삭 - fallin'
video_frames/10/frame_028.jpg,김수현이 기억을잃은 김지원을 바라보며 우는 장면,홍이삭 - fallin'
video_frames/10/frame_029.jpg,김수현이 기억을잃은 김지원을 바라보며 우는 장면,홍이삭 - fallin'
video_frames/10/frame_030.jpg,김수현이 기억을잃은 김지원을 바라보며 우는 장면,홍이삭 - fallin'
video_frames/10/frame_031.jpg,김수현이 기억을잃은 김지원을 바라보며 우는 장면,홍이삭 - fallin'
video_frames/10/frame_032.jpg,김수현이 기억을잃은 김지원을 바라보며 우는 장면,홍이삭 - fallin'
video_frames/10/frame_033.jpg,김지원이 기억을 잃은채 김수현을 보며 웃는 장면,홍이삭 - fallin'
video_frames/10/frame_034.jpg,김지원이 기억을 잃은채 김수현을 보며 웃는 장면,홍이삭 - fallin'
video_frames/10/frame_035.jpg,김수현이 기억을잃은 김지원을 바라보며 우는 장면,홍이삭 - fallin'
video_frames/10/frame_036.jpg,김수현이 기억을잃은 김지원을 바라보며 우는 장면,홍이삭 - fallin'
video_frames/10/frame_037.jpg,김수현이 기억을잃은 김지원을 바라보며 우는 장면,홍이삭 - fallin'
video_frames/10/frame_038.jpg,김수현이 기억을잃은 김지원을 바라보며 우는 장면,홍이삭 - fallin'
video_frames/10/frame_039.jpg,김지원이 기억을 잃은채 김수현을 보며 웃는 장면,홍이삭 - fallin'
video_frames/10/frame_040.jpg,김수현이 기억을잃은 김지원을 바라보며 우는 장면,홍이삭 - fallin'
video_frames/10/frame_041.jpg,김수현이 기억을잃은 김지원을 바라보며 우는 장면,홍이삭 - fallin'
video_frames/10/frame_042.jpg,김수현이 기억을잃은 김지원을 바라보며 우는 장면,홍이삭 - fallin'
video_frames/10/frame_043.jpg,김수현이 기억을잃은 김지원을 바라보며 우는 장면,홍이삭 - fallin'
video_frames/10/frame_044.jpg,김수현이 기억을잃은 김지원을 바라보며 우는 장면,홍이삭 - fallin'
video_frames/10/frame_045.jpg,김지원이 기억을 잃은채 김수현을 보며 웃는 장면,홍이삭 - fallin'
video_frames/10/frame_046.jpg,김지원이 기억을 잃은채 김수현을 보며 웃는 장면,홍이삭 - fallin'
video_frames/10/frame_047.jpg,김지원이 기억을 잃은채 김수현을 보며 웃는 장면,홍이삭 - fallin'
video_frames/10/frame_048.jpg,김지원이 기억을 잃은채 김수현을 보며 웃는 장면,홍이삭 - fallin'
video_frames/10/frame_049.jpg,김지원이 기억을 잃은채 김수현을 보며 웃는 장면,홍이삭 - fallin'
video_frames/10/frame_050.jpg,김수현이 기억을잃은 김지원을 바라보며 우는 장면,홍이삭 - fallin'
video_frames/10/frame_051.jpg,김수현이 기억을잃은 김지원을 바라보며 우는 장면,홍이삭 - fallin'
video_frames/10/frame_052.jpg,김수현이 기억을잃은 김지원을 바라보며 우는 장면,홍이삭 - fallin'
video_frames/10/frame_053.jpg,김지원이 기억을 잃은채 김수현에게 포옹하는 장면,홍이삭 - fallin'
video_frames/10/frame_054.jpg,김지원이 기억을 잃은채 김수현에게 포옹하는 장면,홍이삭 - fallin'
video_frames/10/frame_055.jpg,김지원이 기억을 잃은채 김수현에게 포옹하는 장면,홍이삭 - fallin'
video_frames/10/frame_056.jpg,김지원이 기억을 잃은채 김수현에게 포옹하는 장면,홍이삭 - fallin'
video_frames/10/frame_057.jpg,김지원이 기억을 잃은채 김수현에게 포옹하는 장면,홍이삭 - fallin'
video_frames/10/frame_058.jpg,김지원이 기억을 잃은채 김수현에게 포옹하는 장면,홍이삭 - fallin'
video_frames/10/frame_059.jpg,김지원이 기억을 잃은채 김수현에게 포옹하는 장면,홍이삭 - fallin'
video_frames/10/frame_060.jpg,김수현이 기억을잃은 김지원을 바라보며 우는 장면,홍이삭 - fallin'
video_frames/10/frame_061.jpg,김지원이 기억을 잃은채 김수현에게 포옹하는 장면,홍이삭 - fallin'
video_frames/10/frame_062.jpg,김수현이 기억을잃은 김지원을 바라보며 우는 장면,홍이삭 - fallin'
video_frames/10/frame_063.jpg,김지원이 기억을 잃은채 김수현에게 포옹하는 장면,홍이삭 - fallin'
video_frames/10/frame_064.jpg,김지원이 기억을 잃은채 김수현에게 포옹하는 장면,홍이삭 - fallin'
video_frames/10/frame_065.jpg,김지원이 기억을 잃은채 김수현에게 포옹하는 장면,홍이삭 - fallin'
video_frames/10/frame_066.jpg,김지원이 기억을 잃은채 김수현에게 포옹하는 장면,홍이삭 - fallin'
video_frames/10/frame_067.jpg,김지원이 기억을 잃은채 김수현에게 포옹하는 장면,홍이삭 - fallin'
video_frames/10/frame_068.jpg,김지원이 기억을 잃은채 김수현에게 포옹하는 장면,홍이삭 - fallin'
video_frames/10/frame_069.jpg,김지원이 기억을 잃은채 김수현에게 포옹하는 장면,홍이삭 - fallin'
video_frames/10/frame_070.jpg,김지원이 기억을 잃은채 김수현에게 포옹하는 장면,홍이삭 - fallin'
video_frames/10/frame_071.jpg,김지원이 기억을 잃은채 김수현에게 포옹하는 장면,홍이삭 - fallin'
video_frames/10/frame_072.jpg,김지원 빗속에서 우산을 쓰고 있는 장면,홍이삭 - fallin'
video_frames/10/frame_073.jpg,김지원 빗속에서 우산을 쓰고 있는 장면,홍이삭 - fallin'
video_frames/10/frame_074.jpg,김지원 빗속에서 우산을 쓰고 있는 장면,홍이삭 - fallin'
video_frames/10/frame_075.jpg,김지원이 기억을 잃은채 김수현에게 포옹하는 장면,홍이삭 - fallin'
video_frames/10/frame_076.jpg,김지원이 기억을 잃은채 김수현에게 포옹하는 장면,홍이삭 - fallin'
video_frames/10/frame_077.jpg,김수현이 기억을잃은 김지원을 바라보며 우는 장면,홍이삭 - fallin'
video_frames/10/frame_078.jpg,김수현이 기억을잃은 김지원을 바라보며 우는 장면,홍이삭 - fallin'
video_frames/10/frame_079.jpg,김수현이 기억을잃은 김지원을 바라보며 우는 장면,홍이삭 - fallin'
video_frames/10/frame_080.jpg,김수현이 기억을잃은 김지원을 바라보며 우는 장면,홍이삭 - fallin'
video_frames/10/frame_081.jpg,김수현이 기억을잃은 김지원을 바라보며 우는 장면,홍이삭 - fallin'
video_frames/10/frame_082.jpg,김지원이 기억을 잃은채 김수현에게 포옹하는 장면,홍이삭 - fallin'
video_frames/10/frame_083.jpg,김지원이 기억을 잃은채 김수현에게 포옹하는 장면,홍이삭 - fallin'
video_frames/10/frame_084.jpg,김지원이 기억을 잃은채 김수현에게 포옹하는 장면,홍이삭 - fallin'
video_frames/10/frame_085.jpg,김지원이 기억을 잃은채 김수현에게 포옹하는 장면,홍이삭 - fallin'
video_frames/10/frame_086.jpg,김지원이 기억을 잃은채 김수현에게 포옹하는 장면,홍이삭 - fallin'
video_frames/10/frame_087.jpg,김지원이 기억을 잃은채 김수현에게 포옹하는 장면,홍이삭 - fallin'
video_frames/10/frame_088.jpg,김지원이 기억을 잃은채 김수현에게 포옹하는 장면,홍이삭 - fallin'
video_frames/10/frame_089.jpg,김지원이 기억을 잃은채 김수현에게 포옹하는 장면,홍이삭 - fallin'
video_frames/10/frame_090.jpg,김지원이 기억을 잃은채 김수현에게 포옹하는 장면,홍이삭 - fallin'
video_frames/10/frame_091.jpg,김지원이 기억을 잃은채 김수현에게 포옹하는 장면,홍이삭 - fallin'
video_frames/10/frame_092.jpg,김수현이 기억을잃은 김지원을 바라보며 우는 장면,홍이삭 - fallin'
video_frames/10/frame_093.jpg,김수현이 기억을잃은 김지원을 바라보며 우는 장면,홍이삭 - fallin'
video_frames/10/frame_094.jpg,김수현이 기억을잃은 김지원을 바라보며 우는 장면,홍이삭 - fallin'
video_frames/10/frame_095.jpg,김지원이 기억을 잃은채 김수현에게 포옹하는 장면,홍이삭 - fallin'
video_frames/10/frame_096.jpg,김지원이 기억을 잃은채 김수현에게 포옹하는 장면,홍이삭 - fallin'
video_frames/10/frame_097.jpg,김지원이 기억을 잃은채 김수현에게 포옹하는 장면,홍이삭 - fallin'
video_frames/10/frame_098.jpg,김지원이 기억을 잃은채 김수현에게 포옹하는 장면,홍이삭 - fallin'
video_frames/10/frame_099.jpg,김지원이 기억을 잃은채 김수현에게 포옹하는 장면,홍이삭 - fallin'
video_frames/10/frame_100.jpg,김지원이 기억을 잃은채 김수현에게 포옹하는 장면,홍이삭 - fallin'
video_frames/10/frame_101.jpg,김수현이 기억을잃은 김지원을 바라보며 우는 장면,홍이삭 - fallin'
video_frames/10/frame_102.jpg,김수현이 기억을잃은 김지원을 바라보며 우는 장면,홍이삭 - fallin'
video_frames/10/frame_103.jpg,김수현이 기억을잃은 김지원을 바라보며 우는 장면,홍이삭 - fallin'
video_frames/10/frame_104.jpg,김수현이 기억을잃은 김지원을 바라보며 우는 장면,홍이삭 - fallin'
video_frames/10/frame_105.jpg,김수현이 기억을잃은 김지원을 바라보며 우는 장면,홍이삭 - fallin'
video_frames/10/frame_106.jpg,김지원 빗속에서 우산을 쓰고 있는 장면,홍이삭 - fallin'
video_frames/10/frame_107.jpg,김지원 빗속에서 우산을 쓰고 있는 장면,홍이삭 - fallin'
video_frames/10/frame_108.jpg,김지원 빗속에서 우산을 쓰고 있는 장면,홍이삭 - fallin'
video_frames/11/frame_000.jpg,김수현 검은 코트를 입은채 김지원을 바라보는 장면,dori - 떨림
video_frames/11/frame_001.jpg,김지원 하얀 코트를 입은채 김수현을 바라보는 장면,dori - 떨림
video_frames/11/frame_002.jpg,김지원 하얀 코트를 입은채 김수현을 바라보는 장면,dori - 떨림
video_frames/11/frame_003.jpg,김지원 하얀 코트를 입은채 김수현을 바라보는 장면,dori - 떨림
video_frames/11/frame_004.jpg,김지원 하얀 코트를 입은채 김수현을 바라보는 장면,dori - 떨림
video_frames/11/frame_005.jpg,김지원 하얀 코트를 입은채 김수현을 바라보는 장면,dori - 떨림
video_frames/11/frame_006.jpg,김지원 하얀 코트를 입은채 김수현을 바라보는 장면,dori - 떨림
video_frames/11/frame_007.jpg,김수현 검은 코트를 입은채 김지원을 바라보는 장면,dori - 떨림
video_frames/11/frame_008.jpg,김수현 검은 코트를 입은채 김지원을 바라보는 장면,dori - 떨림
video_frames/11/frame_009.jpg,김수현과 김지원이 식사테이블에서 서로 바라보는 장면,dori - 떨림
video_frames/11/frame_010.jpg,김수현과 김지원이 식사테이블에서 서로 바라보는 장면,dori - 떨림
video_frames/11/frame_011.jpg,김지원 하얀 코트를 입은채 김수현을 바라보는 장면,dori - 떨림
video_frames/11/frame_012.jpg,김지원 하얀 코트를 입은채 김수현을 바라보는 장면,dori - 떨림
video_frames/11/frame_013.jpg,김수현과 김지원이 식사테이블에서 서로 바라보는 장면,dori - 떨림
video_frames/11/frame_014.jpg,김수현 검은 코트를 입은채 김지원을 바라보는 장면,dori - 떨림
video_frames/11/frame_015.jpg,김수현 검은 코트를 입은채 김지원을 바라보는 장면,dori - 떨림
video_frames/11/frame_016.jpg,김수현과 김지원이 식사테이블에서 서로 바라보는 장면,dori - 떨림
video_frames/11/frame_017.jpg,김수현이 김지원과 식사 테이블에서 얘기하는 장면,dori - 떨림
video_frames/11/frame_018.jpg,김지원 하얀 코트를 입은채 김수현을 바라보는 장면,dori - 떨림
video_frames/11/frame_019.jpg,김지원 하얀 코트를 입은채 김수현을 바라보는 장면,dori - 떨림
video_frames/11/frame_020.jpg,김수현 검은 코트를 입은채 김지원을 바라보는 장면,dori - 떨림
video_frames/11/frame_021.jpg,김수현과 김지원이 식사테이블에서 서로 바라보는 장면,dori - 떨림
video_frames/11/frame_022.jpg,김수현과 김지원이 식사테이블에서 서로 바라보는 장면,dori - 떨림
video_frames/11/frame_023.jpg,김수현과 김지원이 식사테이블에서 서로 바라보는 장면,dori - 떨림
video_frames/11/frame_024.jpg,김수현과 김지원이 식사테이블에서 서로 바라보는 장면,dori - 떨림
video_frames/11/frame_025.jpg,김수현과 김지원이 식사테이블에서 서로 바라보는 장면,dori - 떨림
video_frames/11/frame_026.jpg,김수현과 김지원이 식사테이블에서 서로 바라보는 장면,dori - 떨림
video_frames/11/frame_027.jpg,김지원이 침대에 누워서 잠을 자는 장면,dori - 떨림
video_frames/11/frame_028.jpg,김수현과 김지원누워서 잠을 자는 장면,dori - 떨림
video_frames/11/frame_029.jpg,김수현과 김지원누워서 잠을 자는 장면,dori - 떨림
video_frames/11/frame_030.jpg,김지원이 침대에 누워서 잠을 자는 장면,dori - 떨림
video_frames/11/frame_031.jpg,김수현 침대에 누워서 잠을 자는 장면,dori - 떨림
video_frames/11/frame_032.jpg,김지원이 침대에 누워서 잠을 자는 장면,dori - 떨림
video_frames/11/frame_033.jpg,김수현과 김지원누워서 잠을 자는 장면,dori - 떨림
video_frames/11/frame_034.jpg,김수현과 김지원누워서 잠을 자는 장면,dori - 떨림
video_frames/11/frame_035.jpg,김수현과 김지원누워서 잠을 자는 장면,dori - 떨림
video_frames/11/frame_036.jpg,김수현과 김지원누워서 잠을 자는 장면,dori - 떨림
video_frames/11/frame_037.jpg,김지원이 김수현옆에서 누워있는 장면,dori - 떨림
video_frames/11/frame_038.jpg,김지원이 김수현옆에서 누워있는 장면,dori - 떨림
video_frames/11/frame_039.jpg,김지원이 침대에 누워서 잠을 자는 장면,dori - 떨림
video_frames/11/frame_040.jpg,김지원이 김수현옆에서 누워있는 장면,dori - 떨림
video_frames/11/frame_041.jpg,김지원이 김수현옆에서 누워있는 장면,dori - 떨림
video_frames/11/frame_042.jpg,김지원이 김수현옆에서 누워있는 장면,dori - 떨림
video_frames/11/frame_043.jpg,김지원이 김수현옆에서 누워있는 장면,dori - 떨림
video_frames/11/frame_044.jpg,김지원이 김수현옆에서 누워있는 장면,dori - 떨림
video_frames/11/frame_045.jpg,김지원이 김수현옆에서 누워있는 장면,dori - 떨림
video_frames/11/frame_046.jpg,김지원이 김수현옆에서 누워있는 장면,dori - 떨림
video_frames/11/frame_047.jpg,김수현과 김지원이 침대에 누워있고김지원이 김수현 이마를 만지는 장면,dori - 떨림
video_frames/11/frame_048.jpg,김수현과 김지원이 침대에 누워있고김지원이 김수현 이마를 만지는 장면,dori - 떨림
video_frames/2/frame_000.jpg,늙은 김수현이 하늘을 바라보는 장면,김수현 - 청혼
video_frames/2/frame_001.jpg,늙은 김수현이 하늘을 바라보는 장면,김수현 - 청혼
video_frames/2/frame_002.jpg,늙은 김수현이 젊은 김수현으로 변하는 장면,김수현 - 청혼
video_frames/2/frame_003.jpg,늙은 김수현이 젊은 김수현으로 변하는 장면,김수현 - 청혼
video_frames/2/frame_004.jpg,늙은 김수현이 젊은 김수현으로 변하는 장면,김수현 - 청혼
video_frames/2/frame_005.jpg,늙은 김수현이 젊은 김수현으로 변하는 장면,김수현 - 청혼
video_frames/2/frame_006.jpg,늙은 김수현이 젊은 김수현으로 변하는 장면,김수현 - 청혼
video_frames/2/frame_007.jpg,늙은 김수현이 젊은 김수현으로 변하는 장면,김수현 - 청혼
video_frames/2/frame_008.jpg,늙은 김수현이 젊은 김수현으로 변하는 장면,김수현 - 청혼
video_frames/2/frame_009.jpg,늙은 김수현이 젊은 김수현으로 변하는 장면,김수현 - 청혼
video_frames/2/frame_010.jpg,늙은 김수현이 젊은 김수현으로 변하는 장면,김수현 - 청혼
video_frames/2/frame_011.jpg,죽은 김수현이 누군갈 바라보는 장면,김수현 - 청혼
video_frames/2/frame_012.jpg,죽은 김수현이 누군갈 바라보는 장면,김수현 - 청혼
video_frames/2/frame_013.jpg,죽은 김수현이 누군갈 바라보는 장면,김수현 - 청혼
video_frames/2/frame_014.jpg,죽은 김수현이 누군갈 바라보는 장면,김수현 - 청혼
video_frames/2/frame_015.jpg,죽은 김수현이 누군갈 바라보는 장면,김수현 - 청혼
video_frames/2/frame_016.jpg,푸른 하늘과 라일락 꽃들이 핀 장면,김수현 - 청혼
video_frames/2/frame_017.jpg,푸른 하늘과 라일락 꽃들이 핀 장면,김수현 - 청혼
video_frames/2/frame_018.jpg,푸른 하늘과 라일락 꽃들이 핀 장면,김수현 - 청혼
video_frames/2/frame_019.jpg,푸른 하늘과 라일락 꽃들이 핀 장면,김수현 - 청혼
video_frames/2/frame_020.jpg,푸른 하늘과 라일락 꽃들이 핀 장면,김수현 - 청혼
video_frames/2/frame_021.jpg,푸른 하늘과 라일락 꽃들이 핀 장면,김수현 - 청혼
video_frames/2/frame_022.jpg,죽은 죽은 김수현이 푸른 하늘과 라일락 꽃들 사이에 서있는 장면,김수현 - 청혼
video_frames/2/frame_023.jpg,죽은 김수현이 푸른 하늘과 라일락 꽃들 사이에 서있는 장면,김수현 - 청혼
video_frames/2/frame_024.jpg,죽은 김수현이 푸른 하늘과 라일락 꽃들 사이에 서있는 장면,김수현 - 청혼
video_frames/2/frame_025.jpg,죽은 김수현이 푸른 하늘과 라일락 꽃들 사이에 서있는 장면,김수현 - 청혼
video_frames/2/frame_026.jpg,죽은 김수현과 김지원이 라일락꽃들 사이에서 서로 서있는 장면,김수현 - 청혼
video_frames/2/frame_027.jpg,김지원이 하얀드레스를 입고있는 장면,김수현 - 청혼
video_frames/2/frame_028.jpg,김지원이 꽃들사이에 서있는 장면,김수현 - 청혼
video_frames/2/frame_029.jpg,김지원이 꽃들사이에 서있는 장면,김수현 - 청혼
video_frames/2/frame_030.jpg,김지원이 꽃들사이에 서있는 장면,김수현 - 청혼
video_frames/2/frame_031.jpg,김지원이 꽃들사이에 서있는 장면,김수현 - 청혼
video_frames/2/frame_032.jpg,죽은 김수현이 죽은 김지원을 바라보는 장면,김수현 - 청혼
video_frames/2/frame_033.jpg,죽은 김수현이 죽은 김지원을 바라보는 장면,김수현 - 청혼
video_frames/2/frame_034.jpg,죽은 김수현이 죽은 김지원을 바라보는 장면,김수현 - 청혼
video_frames/2/frame_035.jpg,김지원이 꽃들사이에 서있는 장면,김수현 - 청혼
video_frames/2/frame_036.jpg,김지원이 꽃들사이에 서있는 장면,김수현 - 청혼
video_frames/2/frame_037.jpg,김지원이 꽃들사이에 서있는 장면,김수현 - 청혼
video_frames/2/frame_038.jpg,김지원이 꽃들사이에 서있는 장면,김수현 - 청혼
video_frames/2/frame_039.jpg,김지원이 꽃들사이에 서있는 장면,김수현 - 청혼
video_frames/2/frame_040.jpg,죽은 김수현이 죽은 김지원을 바라보는 장면,김수현 - 청혼
video_frames/2/frame_041.jpg,죽은 김수현이 죽은 김지원을 바라보는 장면,김수현 - 청혼
video_frames/2/frame_042.jpg,죽은 김수현이 죽은 김지원을 바라보는 장면,김수현 - 청혼
video_frames/2/frame_043.jpg,죽은 김수현이 죽은 김지원을 바라보는 장면,김수현 - 청혼
video_frames/2/frame_044.jpg,죽은 김수현이 죽은 김지원을 바라보는 장면,김수현 - 청혼
video_frames/2/frame_045.jpg,김지원이 꽃들사이에 서있는 장면,김수현 - 청혼
video_frames/2/frame_046.jpg,김수현이 푸른 하늘과 라일락 꽃들 사이에 서있는 장면,김수현 - 청혼
video_frames/2/frame_047.jpg,김수현이 푸른 하늘과 라일락 꽃들 사이에 서있는 장면,김수현 - 청혼
video_frames/2/frame_048.jpg,김지원이 꽃들사이에 서있는 장면,김수현 - 청혼
video_frames/2/frame_049.jpg,김지원이 꽃들사이에 서있는 장면,김수현 - 청혼
video_frames/2/frame_050.jpg,김지원이 꽃들사이에 서있는 장면,김수현 - 청혼
video_frames/2/frame_051.jpg,김수현이 푸른 하늘과 라일락 꽃들 사이에 서있는 장면,김수현 - 청혼
video_frames/2/frame_052.jpg,김수현이 푸른 하늘과 라일락 꽃들 사이에 서있는 장면,김수현 - 청혼
video_frames/2/frame_053.jpg,김수현이 푸른 하늘과 라일락 꽃들 사이에 서있는 장면,김수현 - 청혼
video_frames/2/frame_054.jpg,푸른 하늘과 라일락 꽃들이 핀 장면,김수현 - 청혼
video_frames/2/frame_055.jpg,푸른 하늘과 라일락 꽃들이 핀 장면,김수현 - 청혼
video_frames/2/frame_056.jpg,푸른 하늘과 라일락 꽃들이 핀 장면,김수현 - 청혼
video_frames/2/frame_057.jpg,푸른 하늘과 라일락 꽃들이 핀 장면,김수현 - 청혼
video_frames/2/frame_058.jpg,푸른 하늘과 라일락 꽃들이 핀 장면,김수현 - 청혼
video_frames/2/frame_059.jpg,김지원이 하얀드레스를 입고있는 장면,김수현 - 청혼
video_frames/2/frame_060.jpg,김지원이 하얀드레스를 입고있는 장면,김수현 - 청혼
video_frames/2/frame_061.jpg,김지원이 하얀드레스를 입고있는 장면,김수현 - 청혼
video_frames/2/frame_062.jpg,김지원이 하얀드레스를 입고있는 장면,김수현 - 청혼
video_frames/2/frame_063.jpg,김지원이 하얀드레스를 입고있는 장면,김수현 - 청혼
video_frames/2/frame_064.jpg,김수현이 죽은 김지원을 보고 웃는 장면,김수현 - 청혼
video_frames/2/frame_065.jpg,김수현이 죽은 김지원을 보고 웃는 장면,김수현 - 청혼
video_frames/2/frame_066.jpg,김수현이 죽은 김지원을 보고 웃는 장면,김수현 - 청혼
video_frames/2/frame_067.jpg,김지원이 하얀드레스를 입고있는 장면,김수현 - 청혼
video_frames/2/frame_068.jpg,김지원이 하얀드레스를 입고있는 장면,김수현 - 청혼
video_frames/2/frame_069.jpg,김지원이 하얀드레스를 입고있는 장면,김수현 - 청혼
video_frames/2/frame_070.jpg,김지원이 하얀드레스를 입고있는 장면,김수현 - 청혼
video_frames/2/frame_071.jpg,죽은김수현과 죽은김지원 꽃들 사이에서 서로 손을 잡는 장면,김수현 - 청혼
video_frames/2/frame_072.jpg,죽은김수현과 죽은김지원 꽃들 사이에서 서로 손을 잡는 장면,김수현 - 청혼
video_frames/2/frame_073.jpg,죽은김수현과 죽은김지원 꽃들 사이에서 서로 손을 잡는 장면,김수현 - 청혼
video_frames/2/frame_074.jpg,죽은김수현과 죽은김지원 꽃들 사이에서 서로 손을 잡는 장면,김수현 - 청혼
video_frames/2/frame_075.jpg,죽은김수현과 죽은김지원 꽃들 사이에서 서로 손을 잡는 장면,김수현 - 청혼
video_frames/2/frame_076.jpg,죽은김수현과 죽은김지원 꽃들 사이에서 서로 손을 잡는 장면,김수현 - 청혼
video_frames/2/frame_077.jpg,죽은 죽은 김수현이 푸른 하늘과 라일락 꽃들 사이에 서있는 장면,김수현 - 청혼
video_frames/2/frame_078.jpg,죽은 죽은 김수현이 푸른 하늘과 라일락 꽃들 사이에 서있는 장면,김수현 - 청혼
video_frames/2/frame_079.jpg,죽은 죽은 김수현이 푸른 하늘과 라일락 꽃들 사이에 서있는 장면,김수현 - 청혼
video_frames/2/frame_080.jpg,김지원이 하얀드레스를 입고있는 장면,김수현 - 청혼
video_frames/2/frame_081.jpg,김지원이 하얀드레스를 입고있는 장면,김수현 - 청혼
video_frames/2/frame_082.jpg,김지원이 하얀드레스를 입고있는 장면,김수현 - 청혼
video_frames/2/frame_083.jpg,김지원이 하얀드레스를 입고있는 장면,김수현 - 청혼
video_frames/2/frame_084.jpg,푸른 하늘과 라일락 꽃들이 핀 장면,김수현 - 청혼
video_frames/2/frame_085.jpg,푸른 하늘과 라일락 꽃들이 핀 장면,김수현 - 청혼
video_frames/2/frame_086.jpg,푸른 하늘과 라일락 꽃들이 핀 장면,김수현 - 청혼
video_frames/2/frame_087.jpg,푸른 하늘과 라일락 꽃들이 핀 장면,김수현 - 청혼
video_frames/2/frame_088.jpg,푸른 하늘과 라일락 꽃들이 핀 장면,김수현 - 청혼
video_frames/2/frame_089.jpg,푸른 하늘과 라일락 꽃들이 핀 장면,김수현 - 청혼
video_frames/2/frame_090.jpg,푸른 하늘과 라일락 꽃들이 핀 장면,김수현 - 청혼
video_frames/2/frame_091.jpg,푸른 하늘과 라일락 꽃들이 핀 장면,김수현 - 청혼
video_frames/2/frame_092.jpg,푸른 하늘과 라일락 꽃들이 핀 장면,김수현 - 청혼
video_frames/2/frame_093.jpg,푸른 하늘과 라일락 꽃들이 핀 장면,김수현 - 청혼
video_frames/2/frame_094.jpg,푸른 하늘과 라일락 꽃들이 핀 장면,김수현 - 청혼
video_frames/2/frame_095.jpg,푸른 하늘과 라일락 꽃들이 핀 장면,김수현 - 청혼
video_frames/2/frame_096.jpg,푸른 하늘과 라일락 꽃들이 핀 장면,김수현 - 청혼
video_frames/2/frame_097.jpg,푸른 하늘과 라일락 꽃들이 핀 장면,김수현 - 청혼
video_frames/2/frame_098.jpg,푸른 하늘과 라일락 꽃들이 핀 장면,김수현 - 청혼
video_frames/3/frame_000.jpg,갈색머리의 이주빈이 서있는 장면,김태래(ZerobaseOne) - 더 바랄게 없죠
video_frames/3/frame_001.jpg,갈색머리의 이주빈이 서있는 장면,김태래(ZerobaseOne) - 더 바랄게 없죠
video_frames/3/frame_002.jpg,다른 가족을 보여주는 장면,김태래(ZerobaseOne) - 더 바랄게 없죠
video_frames/3/frame_003.jpg,다른 가족을 보여주는 장면,김태래(ZerobaseOne) - 더 바랄게 없죠
video_frames/3/frame_004.jpg,이주빈 옆에 화목한 가족을 보여주는 장면,김태래(ZerobaseOne) - 더 바랄게 없죠
video_frames/3/frame_005.jpg,이주빈 옆에 화목한 가족을 보여주는 장면,김태래(ZerobaseOne) - 더 바랄게 없죠
video_frames/3/frame_006.jpg,이주빈이 코트를 입고 거리에 서있는 장면,김태래(ZerobaseOne) - 더 바랄게 없죠
video_frames/3/frame_007.jpg,이주빈이 코트를 입고 거리에 서있는 장면,김태래(ZerobaseOne) - 더 바랄게 없죠
video_frames/3/frame_008.jpg,이주빈이 코트를 입고 거리에 서있는 장면,김태래(ZerobaseOne) - 더 바랄게 없죠
video_frames/3/frame_009.jpg,이주빈이 코트를 입고 거리에 서있는 장면,김태래(ZerobaseOne) - 더 바랄게 없죠
video_frames/3/frame_010.jpg,이주빈이 코트를 입고 거리에 서있는 장면,김태래(ZerobaseOne) - 더 바랄게 없죠
video_frames/3/frame_011.jpg,이주빈이 코트를 입고 거리에 서있는 장면,김태래(ZerobaseOne) - 더 바랄게 없죠
video_frames/3/frame_012.jpg,이주빈이 코트를 입고 거리에 서있는 장면,김태래(ZerobaseOne) - 더 바랄게 없죠
video_frames/3/frame_013.jpg,이주빈이 코트를 입고 거리에 서있는 장면,김태래(ZerobaseOne) - 더 바랄게 없죠
video_frames/3/frame_014.jpg,이주빈이 코트를 입고 거리에 서있는 장면,김태래(ZerobaseOne) - 더 바랄게 없죠
video_frames/3/frame_015.jpg,이주빈이 코트를 입고 거리에 서있는 장면,김태래(ZerobaseOne) - 더 바랄게 없죠
video_frames/3/frame_016.jpg,이주빈이 코트를 입고 거리에 서있는 장면,김태래(ZerobaseOne) - 더 바랄게 없죠
video_frames/3/frame_017.jpg,이주빈이 코트를 입고 거리에 서있는 장면,김태래(ZerobaseOne) - 더 바랄게 없죠
video_frames/3/frame_018.jpg,이주빈옆에 행복한 커플을 보여주는 장면,김태래(ZerobaseOne) - 더 바랄게 없죠
video_frames/3/frame_019.jpg,이주빈옆에 행복한 커플을 보여주는 장면,김태래(ZerobaseOne) - 더 바랄게 없죠
video_frames/3/frame_020.jpg,이주빈옆에 행복한 커플을 보여주는 장면,김태래(ZerobaseOne) - 더 바랄게 없죠
video_frames/3/frame_021.jpg,이주빈 옆에 화목한 가족을 보여주는 장면,김태래(ZerobaseOne) - 더 바랄게 없죠
video_frames/3/frame_022.jpg,이주빈 옆에 화목한 가족을 보여주는 장면,김태래(ZerobaseOne) - 더 바랄게 없죠
video_frames/3/frame_023.jpg,이주빈이 곽동연의 방송을 듣는 장면,김태래(ZerobaseOne) - 더 바랄게 없죠
video_frames/3/frame_024.jpg,이주빈이 곽동연의 방송을 듣는 장면,김태래(ZerobaseOne) - 더 바랄게 없죠
video_frames/3/frame_025.jpg,이주빈이 곽동연의 방송을 듣는 장면,김태래(ZerobaseOne) - 더 바랄게 없죠
video_frames/3/frame_026.jpg,이주빈이 곽동연의 방송을 듣는 장면,김태래(ZerobaseOne) - 더 바랄게 없죠
video_frames/3/frame_027.jpg,이주빈이 곽동연의 방송을 듣는 장면,김태래(ZerobaseOne) - 더 바랄게 없죠
video_frames/3/frame_028.jpg,이주빈이 곽동연의 방송을 듣는 장면,김태래(ZerobaseOne) - 더 바랄게 없죠
video_frames/3/frame_029.jpg,이주빈이 곽동연의 방송을 듣는 장면,김태래(ZerobaseOne) - 더 바랄게 없죠
video_frames/3/frame_030.jpg,이주빈이 곽동연의 방송을 듣는 장면,김태래(ZerobaseOne) - 더 바랄게 없죠
video_frames/3/frame_031.jpg,이주빈이 곽동연의 방송을 듣는 장면,김태래(ZerobaseOne) - 더 바랄게 없죠
video_frames/3/frame_032.jpg,이주빈이 곽동연의 방송을 듣는 장면,김태래(ZerobaseOne) - 더 바랄게 없죠
video_frames/3/frame_033.jpg,이주빈이 곽동연의 방송을 듣는 장면,김태래(ZerobaseOne) - 더 바랄게 없죠
video_frames/3/frame_034.jpg,이주빈이 곽동연의 방송을 듣는 장면,김태래(ZerobaseOne) - 더 바랄게 없죠
video_frames/3/frame_035.jpg,이주빈이 곽동연의 방송을 듣는 장면,김태래(ZerobaseOne) - 더 바랄게 없죠
video_frames/3/frame_036.jpg,이주빈이 곽동연의 방송을 듣는 장면,김태래(ZerobaseOne) - 더 바랄게 없죠
video_frames/3/frame_037.jpg,이주빈이 곽동연의 방송을 듣는 장면,김태래(ZerobaseOne) - 더 바랄게 없죠
video_frames/3/frame_038.jpg,이주빈옆에 행복한 커플을 보여주는 장면,김태래(ZerobaseOne) - 더 바랄게 없죠
video_frames/3/frame_039.jpg,이주빈이 유모차를 끌고 달려가는 모습,김태래(ZerobaseOne) - 더 바랄게 없죠
video_frames/3/frame_040.jpg,이주빈이 유모차를 끌고 달려가는 모습,김태래(ZerobaseOne) - 더 바랄게 없죠
video_frames/3/frame_041.jpg,이주빈이 유모차를 끌고 달려가는 모습,김태래(ZerobaseOne) - 더 바랄게 없죠
video_frames/3/frame_042.jpg,이주빈이 유모차를 끌고 달려가는 모습,김태래(ZerobaseOne) - 더 바랄게 없죠
video_frames/3/frame_043.jpg,이주빈이 유모차를 끌고 달려가는 모습,김태래(ZerobaseOne) - 더 바랄게 없죠
video_frames/3/frame_044.jpg,이주빈이 유모차를 끌고 달려가는 모습,김태래(ZerobaseOne) - 더 바랄게 없죠
video_frames/3/frame_045.jpg,이주빈이 유모차를 끌고 달려가는 모습,김태래(ZerobaseOne) - 더 바랄게 없죠
video_frames/3/frame_046.jpg,곽동연의 모습을 바라보고 있는 이주빈,김태래(ZerobaseOne) - 더 바랄게 없죠
video_frames/3/frame_047.jpg,곽동연의 모습을 바라보고 있는 이주빈,김태래(ZerobaseOne) - 더 바랄게 없죠
video_frames/3/frame_048.jpg,곽동연이 달려온 이주빈을 바라보는 장면,김태래(ZerobaseOne) - 더 바랄게 없죠
video_frames/3/frame_049.jpg,곽동연이 달려온 이주빈을 바라보는 장면,김태래(ZerobaseOne) - 더 바랄게 없죠
video_frames/3/frame_050.jpg,이주빈이 자신을 찾는 방송을 한 곽동연을 바라보는 장면,김태래(ZerobaseOne) - 더 바랄게 없죠
video_frames/3/frame_051.jpg,곽동연이 달려온 이주빈을 바라보는 장면,김태래(ZerobaseOne) - 더 바랄게 없죠
video_frames/3/frame_052.jpg,곽동연이 달려온 이주빈을 바라보는 장면,김태래(ZerobaseOne) - 더 바랄게 없죠
video_frames/3/frame_053.jpg,이주빈이 자신을 찾는 방송을 한 곽동연을 바라보는 장면,김태래(ZerobaseOne) - 더 바랄게 없죠
video_frames/3/frame_054.jpg,이주빈이 자신을 찾는 방송을 한 곽동연을 바라보는 장면,김태래(ZerobaseOne) - 더 바랄게 없죠
video_frames/3/frame_055.jpg,곽동연이 달려온 이주빈을 바라보는 장면,김태래(ZerobaseOne) - 더 바랄게 없죠
video_frames/3/frame_056.jpg,곽동연이 달려온 이주빈을 바라보는 장면,김태래(ZerobaseOne) - 더 바랄게 없죠
video_frames/3/frame_057.jpg,곽동연이 달려온 이주빈을 바라보는 장면,김태래(ZerobaseOne) - 더 바랄게 없죠
video_frames/3/frame_058.jpg,이주빈이 자신을 찾는 방송을 한 곽동연을 바라보는 장면,김태래(ZerobaseOne) - 더 바랄게 없죠
video_frames/3/frame_059.jpg,이주빈이 자신을 찾는 방송을 한 곽동연을 바라보는 장면,김태래(ZerobaseOne) - 더 바랄게 없죠
video_frames/3/frame_060.jpg,곽동연이 달려온 이주빈에게 가는 장면,김태래(ZerobaseOne) - 더 바랄게 없죠
video_frames/3/frame_061.jpg,곽동연이 달려온 이주빈에게 가는 장면,김태래(ZerobaseOne) - 더 바랄게 없죠
video_frames/3/frame_062.jpg,곽동연이 달려온 이주빈에게 가는 장면,김태래(ZerobaseOne) - 더 바랄게 없죠
video_frames/3/frame_063.jpg,곽동연이 달려온 이주빈에게 우는 장면,김태래(ZerobaseOne) - 더 바랄게 없죠
video_frames/3/frame_064.jpg,곽동연이 달려온 이주빈에게 우는 장면,김태래(ZerobaseOne) - 더 바랄게 없죠
video_frames/3/frame_065.jpg,곽동연이 달려온 이주빈에게 우는 장면,김태래(ZerobaseOne) - 더 바랄게 없죠
video_frames/3/frame_066.jpg,곽동연이 달려온 이주빈에게 우는 장면,김태래(ZerobaseOne) - 더 바랄게 없죠
video_frames/3/frame_067.jpg,곽동연이 달려온 이주빈에게 우는 장면,김태래(ZerobaseOne) - 더 바랄게 없죠
video_frames/3/frame_068.jpg,곽동연이 달려온 이주빈에게 우는 장면,김태래(ZerobaseOne) - 더 바랄게 없죠
video_frames/3/frame_069.jpg,이주빈이 자신을 찾는 방송을 한 곽동연을 바라보는 장면,김태래(ZerobaseOne) - 더 바랄게 없죠
video_frames/3/frame_070.jpg,이주빈이 자신을 찾는 방송을 한 곽동연을 바라보는 장면,김태래(ZerobaseOne) - 더 바랄게 없죠
video_frames/3/frame_071.jpg,이주빈이 자신을 찾는 방송을 한 곽동연을 바라보는 장면,김태래(ZerobaseOne) - 더 바랄게 없죠
video_frames/3/frame_072.jpg,곽동연이 달려온 이주빈에게 우는 장면,김태래(ZerobaseOne) - 더 바랄게 없죠
video_frames/3/frame_073.jpg,곽동연이 달려온 이주빈에게 우는 장면,김태래(ZerobaseOne) - 더 바랄게 없죠
video_frames/3/frame_074.jpg,곽동연이 달려온 이주빈에게 우는 장면,김태래(ZerobaseOne) - 더 바랄게 없죠
video_frames/3/frame_075.jpg,이주빈이 자신을 찾는 방송을 한 곽동연을 바라보는 장면,김태래(ZerobaseOne) - 더 바랄게 없죠
video_frames/3/frame_076.jpg,곽동연이 이주빈을 앉는 모습,김태래(ZerobaseOne) - 더 바랄게 없죠
video_frames/3/frame_077.jpg,곽동연이 이주빈을 앉는 모습,김태래(ZerobaseOne) - 더 바랄게 없죠
video_frames/3/frame_078.jpg,곽동연이 이주빈을 앉는 모습,김태래(ZerobaseOne) - 더 바랄게 없죠
video_frames/3/frame_079.jpg,곽동연이 이주빈을 앉는 모습,김태래(ZerobaseOne) - 더 바랄게 없죠
video_frames/4/frame_000.jpg,검은 드레스를 입은 김지원이 휴대폰을 넣는 모습,부석순 - 자꾸만 웃게돼
video_frames/4/frame_001.jpg,검은 드레스를 입은 김지원이 휴대폰을 넣는 모습,부석순 - 자꾸만 웃게돼
video_frames/4/frame_002.jpg,검은 드레스를 입은 김지원이 다른사람한테 밀쳐지는 모습,부석순 - 자꾸만 웃게돼
video_frames/4/frame_003.jpg,검은 드레스를 입은 김지원 뒤로 김수현이 나타는 모습,부석순 - 자꾸만 웃게돼
video_frames/4/frame_004.jpg,검은 드레스를 입은 김지원 뒤로 김수현이 나타는 모습,부석순 - 자꾸만 웃게돼
video_frames/4/frame_005.jpg,검은 드레스를 입은 김지원 뒤로 김수현이 나타는 모습,부석순 - 자꾸만 웃게돼
video_frames/4/frame_006.jpg,검은 드레스를 입은 김지원 뒤로 김수현이 나타는 모습,부석순 - 자꾸만 웃게돼
video_frames/4/frame_007.jpg,검은 드레스를 입은 김지원 뒤로 김수현이 나타는 모습,부석순 - 자꾸만 웃게돼
video_frames/4/frame_008.jpg,검은 드레스를 입은 김지원 뒤로 김수현이 나타는 모습,부석순 - 자꾸만 웃게돼
video_frames/4/frame_009.jpg,갑작스레 나타난 김수현한테 놀라는 김지원,부석순 - 자꾸만 웃게돼
video_frames/4/frame_010.jpg,갑작스레 나타난 김수현한테 놀라는 김지원,부석순 - 자꾸만 웃게돼
video_frames/4/frame_011.jpg,갑작스레 나타난 김수현한테 놀라는 김지원,부석순 - 자꾸만 웃게돼
video_frames/4/frame_012.jpg,갑작스레 나타난 김수현한테 놀라는 김지원,부석순 - 자꾸만 웃게돼
video_frames/4/frame_013.jpg,갑작스레 나타난 김수현한테 놀라는 김지원,부석순 - 자꾸만 웃게돼
video_frames/4/frame_014.jpg,갑작스레 나타난 김수현한테 놀라는 김지원,부석순 - 자꾸만 웃게돼
video_frames/4/frame_015.jpg,갑작스레 나타난 김수현한테 놀라는 김지원,부석순 - 자꾸만 웃게돼
video_frames/4/frame_016.jpg,갑작스레 나타난 김수현한테 놀라는 김지원,부석순 - 자꾸만 웃게돼
video_frames/4/frame_017.jpg,갑작스레 나타난 김수현한테 감동하는 김지원,부석순 - 자꾸만 웃게돼
video_frames/4/frame_018.jpg,갑작스레 나타난 김수현한테 감동하는 김지원,부석순 - 자꾸만 웃게돼
video_frames/4/frame_019.jpg,갑작스레 나타난 김수현한테 감동하는 김지원,부석순 - 자꾸만 웃게돼
video_frames/4/frame_020.jpg,갑작스레 나타난 김수현한테 감동하는 김지원,부석순 - 자꾸만 웃게돼
video_frames/4/frame_021.jpg,갑작스레 나타난 김수현한테 감동하는 김지원,부석순 - 자꾸만 웃게돼
video_frames/4/frame_022.jpg,갑작스레 나타난 김수현한테 감동하는 김지원,부석순 - 자꾸만 웃게돼
video_frames/4/frame_023.jpg,갑작스레 나타난 김수현한테 감동하는 김지원,부석순 - 자꾸만 웃게돼
video_frames/4/frame_024.jpg,갑작스레 나타난 김수현한테 감동하는 김지원,부석순 - 자꾸만 웃게돼
video_frames/5/frame_000.jpg,김수현과 김지원이 아쿠아리움 앞에 서있는 장면,소수빈 - Last Chance
video_frames/5/frame_001.jpg,김수현과 김지원이 아쿠아리움 앞에 서있는 장면,소수빈 - Last Chance
video_frames/5/frame_002.jpg,김수현과 김지원이 아쿠아리움 앞에 서있는 장면,소수빈 - Last Chance
video_frames/5/frame_003.jpg,김지원이 아쿠아리움 앞에 서있는 장면,소수빈 - Last Chance
video_frames/5/frame_004.jpg,김수현과 김지원이 아쿠아리움 앞에 서있는 장면,소수빈 - Last Chance
video_frames/5/frame_005.jpg,김지원이 아쿠아리움 앞에 서있는 장면,소수빈 - Last Chance
video_frames/5/frame_006.jpg,김수현과 김지원이 아쿠아리움 앞에 서있는 장면,소수빈 - Last Chance
video_frames/5/frame_007.jpg,김수현과 김지원이 아쿠아리움 앞에 서 얘기하는 장면,소수빈 - Last Chance
video_frames/5/frame_008.jpg,김수현과 김지원이 아쿠아리움 앞에 서 얘기하는 장면,소수빈 - Last Chance
video_frames/5/frame_009.jpg,김수현이 아쿠아리움 앞에서 웃는 장면,소수빈 - Last Chance
video_frames/5/frame_010.jpg,김수현이 아쿠아리움 앞에서 웃는 장면,소수빈 - Last Chance
video_frames/5/frame_011.jpg,김지원이 천역덕스럽게 김수현한테 웃는 장면,소수빈 - Last Chance
video_frames/5/frame_012.jpg,김지원이 천역덕스럽게 김수현한테 웃는 장면,소수빈 - Last Chance
video_frames/5/frame_013.jpg,김수현과 김지원이 아쿠아리움 앞에 서 얘기하는 장면,소수빈 - Last Chance
video_frames/5/frame_014.jpg,김수현과 김지원이 아쿠아리움 앞에 서 얘기하는 장면,소수빈 - Last Chance
video_frames/5/frame_015.jpg,김수현과 김지원이 아쿠아리움 앞에 서 얘기하는 장면,소수빈 - Last Chance
video_frames/5/frame_016.jpg,김수현과 김지원이 아쿠아리움 앞에 서 얘기하는 장면,소수빈 - Last Chance
video_frames/5/frame_017.jpg,김수현과 김지원이 아쿠아리움 앞에 서 얘기하는 장면,소수빈 - Last Chance
video_frames/5/frame_018.jpg,김수현과 김지원이 아쿠아리움 앞에 서 얘기하는 장면,소수빈 - Last Chance
video_frames/5/frame_019.jpg,김수현과 김지원이 아쿠아리움 앞에 서있는 장면,소수빈 - Last Chance
video_frames/5/frame_020.jpg,김수현과 김지원이 아쿠아리움 앞에 서있는 장면,소수빈 - Last Chance
video_frames/5/frame_021.jpg,김수현과 김지원이 아쿠아리움 앞에 서있는 장면,소수빈 - Last Chance
video_frames/5/frame_022.jpg,김수현과 김지원이 아쿠아리움 앞에 서있는 장면,소수빈 - Last Chance
video_frames/5/frame_023.jpg,김수현과 김지원이 아쿠아리움 앞에 서있는 장면,소수빈 - Last Chance
video_frames/5/frame_024.jpg,김수현과 김지원이 아쿠아리움 앞에 서있는 장면,소수빈 - Last Chance
video_frames/5/frame_025.jpg,김수현과 김지원이 아쿠아리움 앞에 서있는 장면,소수빈 - Last Chance
video_frames/5/frame_026.jpg,김수현과 김지원이 아쿠아리움 앞에 서있는 장면,소수빈 - Last Chance
video_frames/5/frame_027.jpg,김수현과 김지원이 아쿠아리움 앞에 서있는 장면,소수빈 - Last Chance
video_frames/5/frame_028.jpg,김수현이 아쿠아리움 앞에서 웃는 장면,소수빈 - Last Chance
video_frames/5/frame_029.jpg,김수현이 아쿠아리움 앞에서 웃는 장면,소수빈 - Last Chance
video_frames/5/frame_030.jpg,김지원이 아쿠아리움에서 얘기하는 장면,소수빈 - Last Chance
video_frames/5/frame_031.jpg,김지원이 아쿠아리움에서 얘기하는 장면,소수빈 - Last Chance
video_frames/5/frame_032.jpg,김지원이 아쿠아리움에서 얘기하는 장면,소수빈 - Last Chance
video_frames/5/frame_033.jpg,김수현이 아쿠아리움에서 김지원을 바라보는 장면,소수빈 - Last Chance
video_frames/5/frame_034.jpg,김수현이 아쿠아리움에서 김지원을 바라보는 장면,소수빈 - Last Chance
video_frames/5/frame_035.jpg,김수현이 아쿠아리움에서 김지원을 바라보는 장면,소수빈 - Last Chance
video_frames/5/frame_036.jpg,김수현과 김지원이 아쿠아리움 앞에 서있는 장면,소수빈 - Last Chance
video_frames/5/frame_037.jpg,김수현과 김지원이 아쿠아리움 앞에 서있는 장면,소수빈 - Last Chance
video_frames/5/frame_038.jpg,김수현과 김지원이 아쿠아리움 앞에 서있는 장면,소수빈 - Last Chance
video_frames/5/frame_039.jpg,김수현과 김지원이 아쿠아리움 앞에 서있는 장면,소수빈 - Last Chance
video_frames/5/frame_040.jpg,김수현과 김지원이 아쿠아리움 앞에 서있는 장면,소수빈 - Last Chance
video_frames/5/frame_041.jpg,김수현과 김지원이 아쿠아리움 앞에 서있는 장면,소수빈 - Last Chance
video_frames/5/frame_042.jpg,김수현과 김지원이 아쿠아리움 앞에 서있는 장면,소수빈 - Last Chance
video_frames/5/frame_043.jpg,김지원이 아쿠아리움에서 얘기하는 장면,소수빈 - Last Chance
video_frames/5/frame_044.jpg,김지원이 아쿠아리움에서 얘기하는 장면,소수빈 - Last Chance
video_frames/5/frame_045.jpg,김수현이 아쿠아리움에서 얘기하는 장면,소수빈 - Last Chance
video_frames/5/frame_046.jpg,김수현이 아쿠아리움에서 얘기하는 장면,소수빈 - Last Chance
video_frames/5/frame_047.jpg,김지원이 아쿠아리움에서 얘기하는 장면,소수빈 - Last Chance
video_frames/5/frame_048.jpg,김지원이 아쿠아리움에서 얘기하는 장면,소수빈 - Last Chance
video_frames/5/frame_049.jpg,김수현이 아쿠아리움에서 얘기하는 장면,소수빈 - Last Chance
video_frames/5/frame_050.jpg,김수현이 아쿠아리움에서 얘기하는 장면,소수빈 - Last Chance
video_frames/5/frame_051.jpg,김수현이 아쿠아리움에서 얘기하는 장면,소수빈 - Last Chance
video_frames/5/frame_052.jpg,김수현이 아쿠아리움에서 얘기하는 장면,소수빈 - Last Chance
video_frames/5/frame_053.jpg,김수현이 아쿠아리움에서 얘기하는 장면,소수빈 - Last Chance
video_frames/5/frame_054.jpg,김지원이 아쿠아리움에서 얘기하는 장면,소수빈 - Last Chance
video_frames/5/frame_055.jpg,김지원이 아쿠아리움에서 얘기하는 장면,소수빈 - Last Chance
video_frames/5/frame_056.jpg,김지원이 아쿠아리움에서 얘기하는 장면,소수빈 - Last Chance
video_frames/5/frame_057.jpg,김지원이 아쿠아리움에서 얘기하는 장면,소수빈 - Last Chance
video_frames/5/frame_058.jpg,김수현과 김지원이 아쿠아리움 앞에 서있는 장면,소수빈 - Last Chance
video_frames/5/frame_059.jpg,김수현과 김지원이 아쿠아리움 앞에 서있는 장면,소수빈 - Last Chance
video_frames/5/frame_060.jpg,김수현과 김지원이 아쿠아리움 앞에 서있는 장면,소수빈 - Last Chance
video_frames/5/frame_061.jpg,김수현과 김지원이 아쿠아리움 앞에 서있는 장면,소수빈 - Last Chance
video_frames/5/frame_062.jpg,김수현과 김지원이 아쿠아리움 앞에 서있는 장면,소수빈 - Last Chance
video_frames/5/frame_063.jpg,김지원에게 프로포즈하는 김수현,소수빈 - Last Chance
video_frames/5/frame_064.jpg,김지원에게 프로포즈하는 김수현,소수빈 - Last Chance
video_frames/5/frame_065.jpg,김지원에게 프로포즈하는 김수현,소수빈 - Last Chance
video_frames/5/frame_066.jpg,김지원에게 프로포즈하는 김수현,소수빈 - Last Chance
video_frames/5/frame_067.jpg,김지원에게 프로포즈하는 김수현,소수빈 - Last Chance
video_frames/5/frame_068.jpg,김지원에게 프로포즈하는 김수현,소수빈 - Last Chance
video_frames/5/frame_069.jpg,김지원에게 프로포즈하는 김수현,소수빈 - Last Chance
video_frames/5/frame_070.jpg,김지원에게 프로포즈하는 김수현,소수빈 - Last Chance
video_frames/5/frame_071.jpg,김지원에게 프로포즈하는 김수현,소수빈 - Last Chance
video_frames/5/frame_072.jpg,김지원에게 프로포즈하는 김수현,소수빈 - Last Chance
video_frames/5/frame_073.jpg,김지원에게 프로포즈하는 김수현,소수빈 - Last Chance
video_frames/5/frame_074.jpg,김지원에게 프로포즈하는 김수현,소수빈 - Last Chance
video_frames/5/frame_075.jpg,김지원에게 프로포즈하는 김수현,소수빈 - Last Chance
video_frames/5/frame_076.jpg,김지원에게 프로포즈하는 김수현,소수빈 - Last Chance
video_frames/5/frame_077.jpg,김지원에게 프로포즈하는 김수현,소수빈 - Last Chance
video_frames/5/frame_078.jpg,김지원에게 프로포즈하는 김수현,소수빈 - Last Chance
video_frames/5/frame_079.jpg,김지원에게 프로포즈하는 김수현,소수빈 - Last Chance
video_frames/5/frame_080.jpg,김지원에게 프로포즈하는 김수현,소수빈 - Last Chance
video_frames/5/frame_081.jpg,김지원에게 프로포즈하는 김수현,소수빈 - Last Chance
video_frames/5/frame_082.jpg,김지원에게 프로포즈하는 김수현,소수빈 - Last Chance
video_frames/5/frame_083.jpg,김지원에게 프로포즈하는 김수현,소수빈 - Last Chance
video_frames/5/frame_084.jpg,김지원에게 프로포즈하는 김수현,소수빈 - Last Chance
video_frames/5/frame_085.jpg,김지원에게 프로포즈하는 김수현,소수빈 - Last Chance
video_frames/5/frame_086.jpg,김지원에게 프로포즈하는 김수현,소수빈 - Last Chance
video_frames/5/frame_087.jpg,김지원에게 프로포즈하는 김수현,소수빈 - Last Chance
video_frames/5/frame_088.jpg,김지원에게 프로포즈하는 김수현,소수빈 - Last Chance
video_frames/5/frame_089.jpg,김지원에게 프로포즈하는 김수현,소수빈 - Last Chance
video_frames/5/frame_090.jpg,김지원에게 프로포즈하는 김수현,소수빈 - Last Chance
video_frames/5/frame_091.jpg,김지원에게 프로포즈하는 김수현,소수빈 - Last Chance
video_frames/5/frame_092.jpg,김지원에게 프로포즈하는 김수현,소수빈 - Last Chance
video_frames/5/frame_093.jpg,김지원에게 프로포즈하는 김수현,소수빈 - Last Chance
video_frames/6/frame_000.jpg,김지원 방앞에 서있는 술에 취한 김수현,최유리 - Promise
video_frames/6/frame_001.jpg,김지원 방앞에 서있는 술에 취한 김수현,최유리 - Promise
video_frames/6/frame_002.jpg,김지원 방앞에 서있는 술에 취한 김수현,최유리 - Promise
video_frames/6/frame_003.jpg,김지원 방앞에 서있는 술에 취한 김수현,최유리 - Promise
video_frames/6/frame_004.jpg,김지원 방앞에 서있는 술에 취한 김수현,최유리 - Promise
video_frames/6/frame_005.jpg,김지원 방앞에 서있는 술에 취한 김수현,최유리 - Promise
video_frames/6/frame_006.jpg,김지원 방앞에 서있는 술에 취한 김수현,최유리 - Promise
video_frames/6/frame_007.jpg,김지원 방앞에 서있는 술에 취한 김수현,최유리 - Promise
video_frames/6/frame_008.jpg,김지원 방앞에서 자신의 진심을 얘기하는 김수현,최유리 - Promise
video_frames/6/frame_009.jpg,김지원 방앞에서 자신의 진심을 얘기하는 김수현,최유리 - Promise
video_frames/6/frame_010.jpg,김지원 방앞에서 자신의 진심을 얘기하는 김수현,최유리 - Promise
video_frames/6/frame_011.jpg,김지원 방앞에서 자신의 진심을 얘기하는 김수현,최유리 - Promise
video_frames/6/frame_012.jpg,김지원 방앞에서 자신의 진심을 얘기하는 김수현,최유리 - Promise
video_frames/6/frame_013.jpg,김지원 방앞에서 자신의 진심을 얘기하는 김수현,최유리 - Promise
video_frames/6/frame_014.jpg,김지원 방앞에서 자신의 진심을 얘기하는 김수현,최유리 - Promise
video_frames/6/frame_015.jpg,김지원 방앞에서 자신의 진심을 얘기하는 김수현,최유리 - Promise
video_frames/6/frame_016.jpg,김지원 방앞에서 자신의 진심을 얘기하는 김수현,최유리 - Promise
video_frames/6/frame_017.jpg,김지원 방앞에서 자신의 진심을 얘기하는 김수현,최유리 - Promise
video_frames/6/frame_018.jpg,김지원 방앞에서 자신의 진심을 얘기하는 김수현,최유리 - Promise
video_frames/6/frame_019.jpg,김지원 방앞에서 자신의 진심을 얘기하는 김수현,최유리 - Promise
video_frames/6/frame_020.jpg,김지원 방앞에서 자신의 진심을 얘기하는 김수현,최유리 - Promise
video_frames/6/frame_021.jpg,김지원 방앞에서 자신의 진심을 얘기하는 김수현,최유리 - Promise
video_frames/6/frame_022.jpg,김지원 방앞에서 자신의 진심을 얘기하는 김수현,최유리 - Promise
video_frames/6/frame_023.jpg,김지원 방앞에서 자신의 진심을 얘기하는 김수현,최유리 - Promise
video_frames/6/frame_024.jpg,김지원 방앞에서 자신의 진심을 얘기하는 김수현,최유리 - Promise
video_frames/6/frame_025.jpg,김지원 방앞에서 자신의 진심을 얘기하는 김수현,최유리 - Promise
video_frames/6/frame_026.jpg,김지원 방앞에서 자신의 진심을 얘기하는 김수현,최유리 - Promise
video_frames/6/frame_027.jpg,김수현의 진심을 방 안쪽에서 듣고 있는 김지원,최유리 - Promise
video_frames/6/frame_028.jpg,김수현의 진심을 방 안쪽에서 듣고 있는 김지원,최유리 - Promise
video_frames/6/frame_029.jpg,김지원 방앞에서 자신의 진심을 얘기하는 김수현,최유리 - Promise
video_frames/6/frame_030.jpg,김지원 방앞에서 자신의 진심을 얘기하는 김수현,최유리 - Promise
video_frames/6/frame_031.jpg,김지원 방앞에서 자신의 진심을 얘기하는 김수현,최유리 - Promise
video_frames/6/frame_032.jpg,김수현의 진심을 방 안쪽에서 듣고 있는 김지원,최유리 - Promise
video_frames/6/frame_033.jpg,김수현의 진심을 방 안쪽에서 듣고 있는 김지원,최유리 - Promise
video_frames/6/frame_034.jpg,김수현의 진심을 방 안쪽에서 듣고 있는 김지원,최유리 - Promise
video_frames/6/frame_035.jpg,김지원 방앞에서 자신의 진심을 얘기하는 김수현,최유리 - Promise
video_frames/6/frame_036.jpg,김지원 방앞에서 자신의 진심을 얘기하는 김수현,최유리 - Promise
video_frames/6/frame_037.jpg,김수현의 진심을 방 안쪽에서 듣고 있는 김지원,최유리 - Promise
video_frames/6/frame_038.jpg,김수현의 진심을 방 안쪽에서 듣고 있는 김지원,최유리 - Promise
video_frames/6/frame_039.jpg,김수현의 진심을 방 안쪽에서 듣고 있는 김지원,최유리 - Promise
video_frames/6/frame_040.jpg,김지원 방앞에서 자신의 진심을 얘기하는 김수현,최유리 - Promise
video_frames/6/frame_041.jpg,김지원 방앞에서 자신의 진심을 얘기하는 김수현,최유리 - Promise
video_frames/6/frame_042.jpg,김지원 방앞에서 자신의 진심을 얘기하는 김수현,최유리 - Promise
video_frames/6/frame_043.jpg,김지원 방앞에서 자신의 진심을 얘기하는 김수현,최유리 - Promise
video_frames/6/frame_044.jpg,김수현의 진심을 방 안쪽에서 듣고 있는 김지원,최유리 - Promise
video_frames/6/frame_045.jpg,김수현의 진심을 방 안쪽에서 듣고 있는 김지원,최유리 - Promise
video_frames/6/frame_046.jpg,김수현의 진심을 방 안쪽에서 듣고 있는 김지원,최유리 - Promise
video_frames/6/frame_047.jpg,김수현의 진심을 방 안쪽에서 듣고 있는 김지원,최유리 - Promise
video_frames/6/frame_048.jpg,김수현의 진심을 방 안쪽에서 듣고 있는 김지원,최유리 - Promise
video_frames/6/frame_049.jpg,김지원 방앞에서 자신의 진심을 얘기하는 김수현,최유리 - Promise
video_frames/6/frame_050.jpg,김지원 방앞에서 자신의 진심을 얘기하는 김수현,최유리 - Promise
video_frames/6/frame_051.jpg,김지원 방앞에서 자신의 진심을 얘기하는 김수현,최유리 - Promise
video_frames/6/frame_052.jpg,김지원 방앞에서 자신의 진심을 얘기하는 김수현,최유리 - Promise
video_frames/6/frame_053.jpg,김지원 방앞에서 자신의 진심을 얘기하는 김수현,최유리 - Promise
video_frames/6/frame_054.jpg,김지원 방앞에서 자신의 진심을 얘기하는 김수현,최유리 - Promise
video_frames/6/frame_055.jpg,김지원 방앞에서 자신의 진심을 얘기하는 김수현,최유리 - Promise
video_frames/6/frame_056.jpg,김지원 방앞에서 자신의 진심을 얘기하는 김수현,최유리 - Promise
video_frames/6/frame_057.jpg,김지원 방앞에서 자신의 진심을 얘기하는 김수현,최유리 - Promise
video_frames/6/frame_058.jpg,김수현의 진심을 듣고 망설이는 김지원,최유리 - Promise
video_frames/6/frame_059.jpg,김수현의 진심을 듣고 망설이는 김지원,최유리 - Promise
video_frames/6/frame_060.jpg,김수현의 진심을 듣고 망설이는 김지원,최유리 - Promise
video_frames/6/frame_061.jpg,김수현의 진심을 듣고 망설이는 김지원,최유리 - Promise
video_frames/6/frame_062.jpg,김수현의 진심을 듣고 망설이는 김지원,최유리 - Promise
video_frames/6/frame_063.jpg,김수현의 진심을 듣고 망설이는 김지원,최유리 - Promise
video_frames/6/frame_064.jpg,김수현의 진심을 듣고 망설이는 김지원,최유리 - Promise
video_frames/6/frame_065.jpg,김수현의 진심을 듣고 망설이는 김지원,최유리 - Promise
video_frames/6/frame_066.jpg,김수현의 진심을 듣고 망설이는 김지원,최유리 - Promise
video_frames/6/frame_067.jpg,김수현의 진심을 듣고 망설이는 김지원,최유리 - Promise
video_frames/6/frame_068.jpg,김수현의 진심을 듣고 망설이는 김지원,최유리 - Promise
video_frames/6/frame_069.jpg,김지원 방앞에서 자신의 진심을 얘기하는 김수현,최유리 - Promise
video_frames/6/frame_070.jpg,김지원 방앞에서 자신의 진심을 얘기하는 김수현,최유리 - Promise
video_frames/6/frame_071.jpg,김지원 방앞에서 자신의 진심을 얘기하는 김수현,최유리 - Promise
video_frames/6/frame_072.jpg,김지원 방앞에서 자신의 진심을 얘기하는 김수현,최유리 - Promise
video_frames/6/frame_073.jpg,김지원 방앞에서 자신의 진심을 얘기하는 김수현,최유리 - Promise
video_frames/6/frame_074.jpg,김지원 방앞에서 자신의 진심을 얘기하는 김수현,최유리 - Promise
video_frames/6/frame_075.jpg,김지원 방앞에서 자신의 진심을 얘기하는 김수현,최유리 - Promise
video_frames/6/frame_076.jpg,김지원 방앞에서 자신의 진심을 얘기하는 김수현,최유리 - Promise
video_frames/6/frame_077.jpg,김지원 방앞에서 자신의 진심을 얘기하는 김수현,최유리 - Promise
video_frames/6/frame_078.jpg,김지원 방앞에서 자신의 진심을 얘기하는 김수현,최유리 - Promise
video_frames/7/frame_000.jpg,독일에서 김수현과 얘기하고 있는 김지원,크러쉬(Crush) - 미안해 미워해 사랑해
video_frames/7/frame_001.jpg,독일에서 김수현과 얘기하고 있는 김지원,크러쉬(Crush) - 미안해 미워해 사랑해
video_frames/7/frame_002.jpg,독일에서 김수현과 얘기하고 있는 김지원,크러쉬(Crush) - 미안해 미워해 사랑해
video_frames/7/frame_003.jpg,독일에서 서로 얘기하고 있는 김지원과 김수현,크러쉬(Crush) - 미안해 미워해 사랑해
video_frames/7/frame_004.jpg,독일에서 서로 얘기하고 있는 김지원과 김수현,크러쉬(Crush) - 미안해 미워해 사랑해
video_frames/7/frame_005.jpg,독일에서 서로 얘기하고 있는 김지원과 김수현,크러쉬(Crush) - 미안해 미워해 사랑해
video_frames/7/frame_006.jpg,독일에서 서로 얘기하고 있는 김지원과 김수현,크러쉬(Crush) - 미안해 미워해 사랑해
video_frames/7/frame_007.jpg,독일에서 서로 얘기하고 있는 김지원과 김수현,크러쉬(Crush) - 미안해 미워해 사랑해
video_frames/7/frame_008.jpg,김수현이 독일에서 자신의 얘기를 하는 장면 ,크러쉬(Crush) - 미안해 미워해 사랑해
video_frames/7/frame_009.jpg,김수현이 독일에서 자신의 얘기를 하는 장면 ,크러쉬(Crush) - 미안해 미워해 사랑해
video_frames/7/frame_010.jpg,김수현의 얘기를 듣고 있는 김지원,크러쉬(Crush) - 미안해 미워해 사랑해
video_frames/7/frame_011.jpg,김수현의 얘기를 듣고 있는 김지원,크러쉬(Crush) - 미안해 미워해 사랑해
video_frames/7/frame_012.jpg,김수현의 얘기를 듣고 있는 김지원,크러쉬(Crush) - 미안해 미워해 사랑해
video_frames/7/frame_013.jpg,김수현의 얘기를 듣고 있는 김지원,크러쉬(Crush) - 미안해 미워해 사랑해
video_frames/7/frame_014.jpg,김수현의 얘기를 듣고 있는 김지원,크러쉬(Crush) - 미안해 미워해 사랑해
video_frames/7/frame_015.jpg,김수현의 얘기를 듣고 있는 김지원,크러쉬(Crush) - 미안해 미워해 사랑해
video_frames/7/frame_016.jpg,김수현의 얘기를 듣고 있는 김지원,크러쉬(Crush) - 미안해 미워해 사랑해
video_frames/7/frame_017.jpg,김수현의 얘기를 듣고 있는 김지원,크러쉬(Crush) - 미안해 미워해 사랑해
video_frames/7/frame_018.jpg,김수현의 얘기를 듣고 있는 김지원,크러쉬(Crush) - 미안해 미워해 사랑해
video_frames/7/frame_019.jpg,김수현의 얘기를 듣고 있는 김지원,크러쉬(Crush) - 미안해 미워해 사랑해
video_frames/7/frame_020.jpg,김수현의 얘기를 듣고 있는 김지원,크러쉬(Crush) - 미안해 미워해 사랑해
video_frames/7/frame_021.jpg,독일에서 자신의 진심을 얘기하는 김지원,크러쉬(Crush) - 미안해 미워해 사랑해
video_frames/7/frame_022.jpg,독일에서 자신의 진심을 얘기하는 김지원,크러쉬(Crush) - 미안해 미워해 사랑해
video_frames/7/frame_023.jpg,독일에서 자신의 진심을 얘기하는 김지원,크러쉬(Crush) - 미안해 미워해 사랑해
video_frames/7/frame_024.jpg,독일에서 자신의 진심을 얘기하는 김지원,크러쉬(Crush) - 미안해 미워해 사랑해
video_frames/7/frame_025.jpg,독일에서 자신의 진심을 얘기하는 김지원,크러쉬(Crush) - 미안해 미워해 사랑해
video_frames/7/frame_026.jpg,독일에서 자신의 진심을 얘기하는 김지원,크러쉬(Crush) - 미안해 미워해 사랑해
video_frames/7/frame_027.jpg,독일에서 자신의 진심을 얘기하는 김지원,크러쉬(Crush) - 미안해 미워해 사랑해
video_frames/7/frame_028.jpg,독일에서 자신의 진심을 얘기하는 김지원,크러쉬(Crush) - 미안해 미워해 사랑해
video_frames/7/frame_029.jpg,독일에서 자신의 진심을 얘기하는 김지원,크러쉬(Crush) - 미안해 미워해 사랑해
video_frames/7/frame_030.jpg,독일에서 자신의 진심을 얘기하는 김지원,크러쉬(Crush) - 미안해 미워해 사랑해
video_frames/7/frame_031.jpg,독일에서 자신의 진심을 얘기하는 김지원,크러쉬(Crush) - 미안해 미워해 사랑해
video_frames/7/frame_032.jpg,독일에서 자신의 진심을 얘기하는 김지원,크러쉬(Crush) - 미안해 미워해 사랑해
video_frames/7/frame_033.jpg,독일에서 자신의 진심을 얘기하는 김지원,크러쉬(Crush) - 미안해 미워해 사랑해
video_frames/7/frame_034.jpg,독일에서 자신의 진심을 얘기하는 김지원,크러쉬(Crush) - 미안해 미워해 사랑해
video_frames/7/frame_035.jpg,독일에서 자신의 진심을 얘기하는 김지원,크러쉬(Crush) - 미안해 미워해 사랑해
video_frames/7/frame_036.jpg,독일에서 자신의 진심을 얘기하는 김지원,크러쉬(Crush) - 미안해 미워해 사랑해
video_frames/7/frame_037.jpg,독일에서 자신의 진심을 얘기하는 김지원,크러쉬(Crush) - 미안해 미워해 사랑해
video_frames/7/frame_038.jpg,독일에서 자신의 진심을 얘기하는 김지원,크러쉬(Crush) - 미안해 미워해 사랑해
video_frames/7/frame_039.jpg,독일에서 자신의 진심을 얘기하는 김지원,크러쉬(Crush) - 미안해 미워해 사랑해
video_frames/7/frame_040.jpg,독일에서 자신의 진심을 얘기하는 김지원,크러쉬(Crush) - 미안해 미워해 사랑해
video_frames/7/frame_041.jpg,독일에서 자신의 진심을 얘기하는 김지원,크러쉬(Crush) - 미안해 미워해 사랑해
video_frames/7/frame_042.jpg,독일에서 자신의 진심을 얘기하는 김지원,크러쉬(Crush) - 미안해 미워해 사랑해
video_frames/7/frame_043.jpg,독일에서 자신의 진심을 얘기하는 김지원,크러쉬(Crush) - 미안해 미워해 사랑해
video_frames/7/frame_044.jpg,독일에서 자신의 진심을 얘기하는 김지원,크러쉬(Crush) - 미안해 미워해 사랑해
video_frames/7/frame_045.jpg,독일에서 자신의 진심을 얘기하는 김지원,크러쉬(Crush) - 미안해 미워해 사랑해
video_frames/7/frame_046.jpg,독일에서 자신의 진심을 얘기하는 김지원,크러쉬(Crush) - 미안해 미워해 사랑해
video_frames/7/frame_047.jpg,독일에서 자신의 진심을 얘기하는 김지원,크러쉬(Crush) - 미안해 미워해 사랑해
video_frames/7/frame_048.jpg,독일에서 자신의 진심을 얘기하는 김지원,크러쉬(Crush) - 미안해 미워해 사랑해
video_frames/7/frame_049.jpg,독일에서 자신의 진심을 얘기하는 김지원,크러쉬(Crush) - 미안해 미워해 사랑해
video_frames/7/frame_050.jpg,독일에서 자신의 진심을 얘기하는 김지원,크러쉬(Crush) - 미안해 미워해 사랑해
video_frames/7/frame_051.jpg,독일에서 자신의 진심을 얘기하는 김지원,크러쉬(Crush) - 미안해 미워해 사랑해
video_frames/7/frame_052.jpg,독일에서 자신의 진심을 얘기하는 김지원,크러쉬(Crush) - 미안해 미워해 사랑해
video_frames/7/frame_053.jpg,독일에서 자신의 진심을 얘기하는 김지원,크러쉬(Crush) - 미안해 미워해 사랑해
video_frames/7/frame_054.jpg,독일에서 자신의 진심을 얘기하는 김지원,크러쉬(Crush) - 미안해 미워해 사랑해
video_frames/7/frame_055.jpg,독일에서 자신의 진심을 얘기하는 김지원,크러쉬(Crush) - 미안해 미워해 사랑해
video_frames/7/frame_056.jpg,독일에서 자신의 진심을 얘기하는 김지원,크러쉬(Crush) - 미안해 미워해 사랑해
video_frames/7/frame_057.jpg,독일에서 자신의 진심을 얘기하는 김지원,크러쉬(Crush) - 미안해 미워해 사랑해
video_frames/7/frame_058.jpg,독일에서 자신의 진심을 얘기하는 김지원,크러쉬(Crush) - 미안해 미워해 사랑해
video_frames/7/frame_059.jpg,독일에서 자신의 진심을 얘기하는 김지원,크러쉬(Crush) - 미안해 미워해 사랑해
video_frames/7/frame_060.jpg,독일에서 자신의 진심을 얘기하는 김지원,크러쉬(Crush) - 미안해 미워해 사랑해
video_frames/7/frame_061.jpg,독일에서 서로의 진심을 얘기하는 김수현과 김지원,크러쉬(Crush) - 미안해 미워해 사랑해
video_frames/7/frame_062.jpg,독일에서 서로의 진심을 얘기하는 김수현과 김지원,크러쉬(Crush) - 미안해 미워해 사랑해
video_frames/7/frame_063.jpg,독일에서 서로의 진심을 얘기하는 김수현과 김지원,크러쉬(Crush) - 미안해 미워해 사랑해
video_frames/7/frame_064.jpg,독일에서 서로의 진심을 얘기하는 김수현과 김지원,크러쉬(Crush) - 미안해 미워해 사랑해
video_frames/7/frame_065.jpg,독일에서 서로의 진심을 얘기하는 김수현과 김지원,크러쉬(Crush) - 미안해 미워해 사랑해
video_frames/7/frame_066.jpg,독일에서 서로의 진심을 얘기하는 김수현과 김지원,크러쉬(Crush) - 미안해 미워해 사랑해
video_frames/7/frame_067.jpg,독일에서 서로의 진심을 얘기하는 김수현과 김지원,크러쉬(Crush) - 미안해 미워해 사랑해
video_frames/7/frame_068.jpg,독일에서 서로의 진심을 얘기하는 김수현과 김지원,크러쉬(Crush) - 미안해 미워해 사랑해
video_frames/7/frame_069.jpg,독일에서 서로의 진심을 얘기하는 김수현과 김지원,크러쉬(Crush) - 미안해 미워해 사랑해
video_frames/7/frame_070.jpg,독일에서 서로의 진심을 얘기하는 김수현과 김지원,크러쉬(Crush) - 미안해 미워해 사랑해
video_frames/7/frame_071.jpg,독일에서 서로의 진심을 얘기하는 김수현과 김지원,크러쉬(Crush) - 미안해 미워해 사랑해
video_frames/7/frame_072.jpg,독일에서 서로의 진심을 얘기하는 김수현과 김지원,크러쉬(Crush) - 미안해 미워해 사랑해
video_frames/7/frame_073.jpg,독일에서 서로의 진심을 얘기하는 김수현과 김지원,크러쉬(Crush) - 미안해 미워해 사랑해
video_frames/7/frame_074.jpg,독일에서 서로의 진심을 얘기하는 김수현과 김지원,크러쉬(Crush) - 미안해 미워해 사랑해
video_frames/7/frame_075.jpg,독일에서 서로의 진심을 얘기하는 김수현과 김지원,크러쉬(Crush) - 미안해 미워해 사랑해
video_frames/7/frame_076.jpg,독일에서 서로의 진심을 얘기하는 김수현과 김지원,크러쉬(Crush) - 미안해 미워해 사랑해
video_frames/7/frame_077.jpg,독일에서 서로의 진심을 얘기하는 김수현과 김지원,크러쉬(Crush) - 미안해 미워해 사랑해
video_frames/7/frame_078.jpg,독일에서 서로의 진심을 얘기하는 김수현과 김지원,크러쉬(Crush) - 미안해 미워해 사랑해
video_frames/7/frame_079.jpg,독일에서 서로의 진심을 얘기하는 김수현과 김지원,크러쉬(Crush) - 미안해 미워해 사랑해
video_frames/7/frame_080.jpg,독일에서 서로의 진심을 얘기하는 김수현과 김지원,크러쉬(Crush) - 미안해 미워해 사랑해
video_frames/7/frame_081.jpg,독일에서 서로의 진심을 얘기하는 김수현과 김지원,크러쉬(Crush) - 미안해 미워해 사랑해
video_frames/7/frame_082.jpg,독일에서 서로의 진심을 얘기하는 김수현과 김지원,크러쉬(Crush) - 미안해 미워해 사랑해
video_frames/7/frame_083.jpg,독일에서 서로의 진심을 얘기하는 김수현과 김지원,크러쉬(Crush) - 미안해 미워해 사랑해
video_frames/7/frame_084.jpg,독일에서 서로의 진심을 얘기하는 김수현과 김지원,크러쉬(Crush) - 미안해 미워해 사랑해
video_frames/7/frame_085.jpg,독일에서 서로의 진심을 얘기하는 김수현과 김지원,크러쉬(Crush) - 미안해 미워해 사랑해
video_frames/7/frame_086.jpg,독일에서 서로의 진심을 얘기하는 김수현과 김지원,크러쉬(Crush) - 미안해 미워해 사랑해
video_frames/7/frame_087.jpg,독일에서 서로의 진심을 얘기하는 김수현과 김지원,크러쉬(Crush) - 미안해 미워해 사랑해
video_frames/7/frame_088.jpg,독일에서 서로의 진심을 얘기하는 김수현과 김지원,크러쉬(Crush) - 미안해 미워해 사랑해
video_frames/7/frame_089.jpg,독일에서 서로의 진심을 얘기하는 김수현과 김지원,크러쉬(Crush) - 미안해 미워해 사랑해
video_frames/7/frame_090.jpg,독일에서 서로의 진심을 얘기하는 김수현과 김지원,크러쉬(Crush) - 미안해 미워해 사랑해
video_frames/7/frame_091.jpg,독일에서 서로의 진심을 얘기하는 김수현과 김지원,크러쉬(Crush) - 미안해 미워해 사랑해
video_frames/7/frame_092.jpg,독일에서 서로의 진심을 얘기하는 김수현과 김지원,크러쉬(Crush) - 미안해 미워해 사랑해
video_frames/7/frame_093.jpg,독일에서 서로의 진심을 얘기하는 김수현과 김지원,크러쉬(Crush) - 미안해 미워해 사랑해
video_frames/7/frame_094.jpg,독일에서 서로의 진심을 얘기하는 김수현과 김지원,크러쉬(Crush) - 미안해 미워해 사랑해
video_frames/7/frame_095.jpg,독일에서 서로의 진심을 얘기하는 김수현과 김지원,크러쉬(Crush) - 미안해 미워해 사랑해
video_frames/7/frame_096.jpg,독일에서 서로의 진심을 얘기하는 김수현과 김지원,크러쉬(Crush) - 미안해 미워해 사랑해
video_frames/7/frame_097.jpg,독일에서 서로의 진심을 얘기하는 김수현과 김지원,크러쉬(Crush) - 미안해 미워해 사랑해
video_frames/7/frame_098.jpg,독일에서 서로의 진심을 얘기하는 김수현과 김지원,크러쉬(Crush) - 미안해 미워해 사랑해
video_frames/7/frame_099.jpg,독일에서 서로의 진심을 얘기하는 김수현과 김지원,크러쉬(Crush) - 미안해 미워해 사랑해
video_frames/7/frame_100.jpg,독일에서 서로의 진심을 얘기하는 김수현과 김지원,크러쉬(Crush) - 미안해 미워해 사랑해
video_frames/7/frame_101.jpg,독일에서 서로의 진심을 얘기하는 김수현과 김지원,크러쉬(Crush) - 미안해 미워해 사랑해
video_frames/7/frame_102.jpg,독일에서 서로의 진심을 얘기하는 김수현과 김지원,크러쉬(Crush) - 미안해 미워해 사랑해
video_frames/7/frame_103.jpg,독일에서 서로의 진심을 얘기하는 김수현과 김지원,크러쉬(Crush) - 미안해 미워해 사랑해
video_frames/7/frame_104.jpg,독일에서 서로의 진심을 얘기하는 김수현과 김지원,크러쉬(Crush) - 미안해 미워해 사랑해
video_frames/7/frame_105.jpg,독일에서 서로의 진심을 얘기하는 김수현과 김지원,크러쉬(Crush) - 미안해 미워해 사랑해
video_frames/7/frame_106.jpg,독일에서 서로 포옹하는 김수현과 김지원,크러쉬(Crush) - 미안해 미워해 사랑해
video_frames/7/frame_107.jpg,독일에서 서로 포옹하는 김수현과 김지원,크러쉬(Crush) - 미안해 미워해 사랑해
video_frames/7/frame_108.jpg,독일에서 서로 포옹하는 김수현과 김지원,크러쉬(Crush) - 미안해 미워해 사랑해
video_frames/7/frame_109.jpg,독일에서 서로 포옹하는 김수현과 김지원,크러쉬(Crush) - 미안해 미워해 사랑해
video_frames/7/frame_110.jpg,독일에서 서로 포옹하는 김수현과 김지원,크러쉬(Crush) - 미안해 미워해 사랑해
video_frames/7/frame_111.jpg,독일에서 서로 포옹하는 김수현과 김지원,크러쉬(Crush) - 미안해 미워해 사랑해
video_frames/7/frame_112.jpg,독일에서 키스하는 김수현과 김지원,크러쉬(Crush) - 미안해 미워해 사랑해
video_frames/7/frame_113.jpg,독일에서 키스하는 김수현과 김지원,크러쉬(Crush) - 미안해 미워해 사랑해
video_frames/7/frame_114.jpg,독일에서 키스하는 김수현과 김지원,크러쉬(Crush) - 미안해 미워해 사랑해
video_frames/7/frame_115.jpg,독일에서 키스하는 김수현과 김지원,크러쉬(Crush) - 미안해 미워해 사랑해
video_frames/7/frame_116.jpg,독일에서 키스하는 김수현과 김지원,크러쉬(Crush) - 미안해 미워해 사랑해
video_frames/7/frame_117.jpg,독일에서 키스하는 김수현과 김지원,크러쉬(Crush) - 미안해 미워해 사랑해
video_frames/7/frame_118.jpg,독일에서 키스하는 김수현과 김지원,크러쉬(Crush) - 미안해 미워해 사랑해
video_frames/7/frame_119.jpg,독일에서 키스하는 김수현과 김지원,크러쉬(Crush) - 미안해 미워해 사랑해
video_frames/7/frame_120.jpg,독일에서 키스하는 김수현과 김지원,크러쉬(Crush) - 미안해 미워해 사랑해
video_frames/7/frame_121.jpg,독일에서 키스하는 김수현과 김지원,크러쉬(Crush) - 미안해 미워해 사랑해
video_frames/7/frame_122.jpg,독일에서 키스하는 김수현과 김지원,크러쉬(Crush) - 미안해 미워해 사랑해
video_frames/7/frame_123.jpg,독일에서 키스하는 김수현과 김지원,크러쉬(Crush) - 미안해 미워해 사랑해
video_frames/7/frame_124.jpg,독일에서 키스하는 김수현과 김지원,크러쉬(Crush) - 미안해 미워해 사랑해
video_frames/7/frame_125.jpg,독일에서 키스하는 김수현과 김지원,크러쉬(Crush) - 미안해 미워해 사랑해
video_frames/7/frame_126.jpg,독일에서 키스하는 김수현과 김지원,크러쉬(Crush) - 미안해 미워해 사랑해
video_frames/7/frame_127.jpg,독일에서 키스하는 김수현과 김지원,크러쉬(Crush) - 미안해 미워해 사랑해
video_frames/7/frame_128.jpg,독일에서 키스하는 김수현과 김지원,크러쉬(Crush) - 미안해 미워해 사랑해
video_frames/7/frame_129.jpg,독일에서 키스하는 김수현과 김지원,크러쉬(Crush) - 미안해 미워해 사랑해
video_frames/7/frame_130.jpg,독일에서 키스하는 김수현과 김지원,크러쉬(Crush) - 미안해 미워해 사랑해
video_frames/7/frame_131.jpg,독일에서 키스하는 김수현과 김지원,크러쉬(Crush) - 미안해 미워해 사랑해
video_frames/7/frame_132.jpg,독일에서 키스하는 김수현과 김지원,크러쉬(Crush) - 미안해 미워해 사랑해
video_frames/7/frame_133.jpg,독일에서 키스하는 김수현과 김지원,크러쉬(Crush) - 미안해 미워해 사랑해
video_frames/7/frame_134.jpg,독일에서 키스하는 김수현과 김지원,크러쉬(Crush) - 미안해 미워해 사랑해
video_frames/7/frame_135.jpg,독일에서 키스하는 김수현과 김지원,크러쉬(Crush) - 미안해 미워해 사랑해
video_frames/7/frame_136.jpg,독일에서 키스하는 김수현과 김지원,크러쉬(Crush) - 미안해 미워해 사랑해
video_frames/7/frame_137.jpg,독일에서 키스하는 김수현과 김지원,크러쉬(Crush) - 미안해 미워해 사랑해
video_frames/7/frame_138.jpg,독일에서 키스하는 김수현과 김지원,크러쉬(Crush) - 미안해 미워해 사랑해
video_frames/7/frame_139.jpg,독일에서 키스하는 김수현과 김지원,크러쉬(Crush) - 미안해 미워해 사랑해
video_frames/7/frame_140.jpg,독일에서 키스하는 김수현과 김지원,크러쉬(Crush) - 미안해 미워해 사랑해
video_frames/7/frame_141.jpg,독일에서 키스하는 김수현과 김지원,크러쉬(Crush) - 미안해 미워해 사랑해
video_frames/7/frame_142.jpg,독일에서 키스하는 김수현과 김지원,크러쉬(Crush) - 미안해 미워해 사랑해
video_frames/7/frame_143.jpg,독일에서 키스하는 김수현과 김지원,크러쉬(Crush) - 미안해 미워해 사랑해
video_frames/7/frame_144.jpg,독일에서 키스하는 김수현과 김지원,크러쉬(Crush) - 미안해 미워해 사랑해
video_frames/7/frame_145.jpg,독일에서 키스하는 김수현과 김지원,크러쉬(Crush) - 미안해 미워해 사랑해
video_frames/7/frame_146.jpg,독일에서 키스하는 김수현과 김지원,크러쉬(Crush) - 미안해 미워해 사랑해
video_frames/7/frame_147.jpg,독일에서 키스하는 김수현과 김지원,크러쉬(Crush) - 미안해 미워해 사랑해
video_frames/7/frame_148.jpg,독일에서 키스하는 김수현과 김지원,크러쉬(Crush) - 미안해 미워해 사랑해
video_frames/7/frame_149.jpg,독일에서 키스하는 김수현과 김지원,크러쉬(Crush) - 미안해 미워해 사랑해
video_frames/7/frame_150.jpg,독일에서 키스하는 김수현과 김지원,크러쉬(Crush) - 미안해 미워해 사랑해
video_frames/7/frame_151.jpg,독일에서 키스하는 김수현과 김지원,크러쉬(Crush) - 미안해 미워해 사랑해
video_frames/7/frame_152.jpg,독일에서 키스하는 김수현과 김지원,크러쉬(Crush) - 미안해 미워해 사랑해
video_frames/7/frame_153.jpg,독일에서 키스하는 김수현과 김지원,크러쉬(Crush) - 미안해 미워해 사랑해
video_frames/7/frame_154.jpg,독일에서 키스하는 김수현과 김지원,크러쉬(Crush) - 미안해 미워해 사랑해
video_frames/8/frame_000.jpg,지하철에서 데이트하는 김수현과 김지원,폴킴 - 좋아해요
video_frames/8/frame_001.jpg,지하철에서 데이트하는 김수현과 김지원,폴킴 - 좋아해요
video_frames/8/frame_002.jpg,지하철에서 데이트하는 김수현과 김지원,폴킴 - 좋아해요
video_frames/8/frame_003.jpg,지하철에서 데이트하는 김수현과 김지원,폴킴 - 좋아해요
video_frames/8/frame_004.jpg,지하철에서 데이트하는 김수현과 김지원,폴킴 - 좋아해요
video_frames/8/frame_005.jpg,지하철에서 데이트하는 김수현과 김지원,폴킴 - 좋아해요
video_frames/8/frame_006.jpg,지하철에서 데이트하는 김수현과 김지원,폴킴 - 좋아해요
video_frames/8/frame_007.jpg,지하철에서 데이트하는 김수현과 김지원,폴킴 - 좋아해요
video_frames/8/frame_008.jpg,지하철에서 데이트하는 김수현과 김지원,폴킴 - 좋아해요
video_frames/8/frame_009.jpg,지하철에서 데이트하는 김수현과 김지원,폴킴 - 좋아해요
video_frames/8/frame_010.jpg,지하철에서 데이트하는 김수현과 김지원,폴킴 - 좋아해요
video_frames/8/frame_011.jpg,지하철에서 데이트하는 김수현과 김지원,폴킴 - 좋아해요
video_frames/8/frame_012.jpg,지하철에서 데이트하는 김수현과 김지원,폴킴 - 좋아해요
video_frames/8/frame_013.jpg,지하철에서 데이트하는 김수현과 김지원,폴킴 - 좋아해요
video_frames/8/frame_014.jpg,지하철에서 데이트하는 김수현과 김지원,폴킴 - 좋아해요
video_frames/8/frame_015.jpg,지하철에서 데이트하는 김수현과 김지원,폴킴 - 좋아해요
video_frames/8/frame_016.jpg,지하철에서 데이트하는 김수현과 김지원,폴킴 - 좋아해요
video_frames/8/frame_017.jpg,지하철에서 데이트하는 김수현과 김지원,폴킴 - 좋아해요
video_frames/8/frame_018.jpg,지하철에서 데이트하는 김수현과 김지원,폴킴 - 좋아해요
video_frames/8/frame_019.jpg,지하철에서 데이트하는 김수현과 김지원,폴킴 - 좋아해요
video_frames/8/frame_020.jpg,지하철에서 데이트하는 김수현과 김지원,폴킴 - 좋아해요
video_frames/8/frame_021.jpg,지하철에서 데이트하는 김수현과 김지원,폴킴 - 좋아해요
video_frames/8/frame_022.jpg,지하철에서 데이트하는 김수현과 김지원,폴킴 - 좋아해요
video_frames/8/frame_023.jpg,지하철에서 데이트하는 김수현과 김지원,폴킴 - 좋아해요
video_frames/8/frame_024.jpg,지하철에서 데이트하는 김수현과 김지원,폴킴 - 좋아해요
video_frames/8/frame_025.jpg,지하철에서 데이트하는 김수현과 김지원,폴킴 - 좋아해요
video_frames/8/frame_026.jpg,지하철에서 데이트하는 김수현과 김지원,폴킴 - 좋아해요
video_frames/8/frame_027.jpg,지하철에서 데이트하는 김수현과 김지원,폴킴 - 좋아해요
video_frames/8/frame_028.jpg,지하철에서 데이트하는 김수현과 김지원,폴킴 - 좋아해요
video_frames/8/frame_029.jpg,지하철에서 데이트하는 김수현과 김지원,폴킴 - 좋아해요
video_frames/8/frame_030.jpg,지하철에서 데이트하는 김수현과 김지원,폴킴 - 좋아해요
video_frames/8/frame_031.jpg,지하철에서 데이트하는 김수현과 김지원,폴킴 - 좋아해요
video_frames/8/frame_032.jpg,지하철에서 데이트하는 김수현과 김지원,폴킴 - 좋아해요
video_frames/8/frame_033.jpg,지하철에서 데이트하는 김수현과 김지원,폴킴 - 좋아해요
video_frames/8/frame_034.jpg,지하철에서 데이트하는 김수현과 김지원,폴킴 - 좋아해요
video_frames/8/frame_035.jpg,지하철에서 석양을 바라보는 김수현과 김지원,폴킴 - 좋아해요
video_frames/8/frame_036.jpg,지하철에서 석양을 바라보는 김수현과 김지원,폴킴 - 좋아해요
video_frames/8/frame_037.jpg,지하철에서 석양을 바라보는 김수현과 김지원,폴킴 - 좋아해요
video_frames/8/frame_038.jpg,지하철에서 석양을 바라보는 김수현과 김지원,폴킴 - 좋아해요
video_frames/8/frame_039.jpg,지하철에서 석양을 바라보는 김수현과 김지원,폴킴 - 좋아해요
video_frames/8/frame_040.jpg,지하철에서 석양을 바라보는 김수현과 김지원,폴킴 - 좋아해요
video_frames/8/frame_041.jpg,지하철에서 석양을 바라보는 김수현과 김지원,폴킴 - 좋아해요
video_frames/8/frame_042.jpg,지하철에서 석양을 바라보는 김수현과 김지원,폴킴 - 좋아해요
video_frames/8/frame_043.jpg,지하철에서 석양을 바라보는 김수현과 김지원,폴킴 - 좋아해요
video_frames/8/frame_044.jpg,지하철에서 석양을 바라보는 김수현과 김지원,폴킴 - 좋아해요
video_frames/8/frame_045.jpg,지하철에서 석양을 바라보는 김수현과 김지원,폴킴 - 좋아해요
video_frames/8/frame_046.jpg,지하철에서 석양을 바라보는 김수현과 김지원,폴킴 - 좋아해요
video_frames/8/frame_047.jpg,지하철에서 석양을 바라보는 김수현과 김지원,폴킴 - 좋아해요
video_frames/8/frame_048.jpg,지하철에서 석양을 바라보는 김수현과 김지원,폴킴 - 좋아해요
video_frames/8/frame_049.jpg,지하철에서 석양을 바라보는 김수현과 김지원,폴킴 - 좋아해요
video_frames/8/frame_050.jpg,지하철에서 석양을 바라보는 김수현과 김지원,폴킴 - 좋아해요
video_frames/8/frame_051.jpg,지하철에서 석양을 바라보는 김수현과 김지원,폴킴 - 좋아해요
video_frames/8/frame_052.jpg,지하철에서 석양을 바라보는 김수현과 김지원,폴킴 - 좋아해요
video_frames/8/frame_053.jpg,지하철에서 석양을 바라보는 김수현과 김지원,폴킴 - 좋아해요
video_frames/8/frame_054.jpg,지하철에서 석양을 바라보는 김수현과 김지원,폴킴 - 좋아해요
video_frames/8/frame_055.jpg,지하철에서 석양을 바라보는 김수현과 김지원,폴킴 - 좋아해요
video_frames/8/frame_056.jpg,지하철에서 석양을 바라보는 김수현과 김지원,폴킴 - 좋아해요
video_frames/8/frame_057.jpg,지하철에서 석양을 바라보는 김수현과 김지원,폴킴 - 좋아해요
video_frames/8/frame_058.jpg,지하철에서 석양을 바라보는 김수현과 김지원,폴킴 - 좋아해요
video_frames/8/frame_059.jpg,지하철에서 석양을 바라보는 김수현과 김지원,폴킴 - 좋아해요
video_frames/8/frame_060.jpg,지하철에서 석양을 바라보는 김수현과 김지원,폴킴 - 좋아해요
video_frames/8/frame_061.jpg,지하철에서 석양을 바라보는 김수현과 김지원,폴킴 - 좋아해요
video_frames/8/frame_062.jpg,지하철에서 석양을 바라보는 김수현과 김지원,폴킴 - 좋아해요
video_frames/8/frame_063.jpg,지하철에서 석양을 바라보는 김수현과 김지원,폴킴 - 좋아해요
video_frames/8/frame_064.jpg,지하철에서 석양을 바라보는 김수현과 김지원,폴킴 - 좋아해요
video_frames/8/frame_065.jpg,지하철에서 석양을 바라보는 김수현과 김지원,폴킴 - 좋아해요
video_frames/8/frame_066.jpg,지하철에서 석양을 바라보는 김수현과 김지원,폴킴 - 좋아해요
video_frames/8/frame_067.jpg,지하철에서 석양을 바라보는 김수현과 김지원,폴킴 - 좋아해요
video_frames/8/frame_068.jpg,지하철에서 석양을 바라보는 김수현과 김지원,폴킴 - 좋아해요
video_frames/8/frame_069.jpg,지하철에서 석양을 바라보는 김수현과 김지원,폴킴 - 좋아해요
video_frames/8/frame_070.jpg,지하철에서 석양을 바라보는 김수현과 김지원,폴킴 - 좋아해요
video_frames/8/frame_071.jpg,지하철에서 석양을 바라보는 김수현과 김지원,폴킴 - 좋아해요
video_frames/8/frame_072.jpg,지하철에서 석양을 바라보는 김수현과 김지원,폴킴 - 좋아해요
video_frames/8/frame_073.jpg,지하철에서 석양을 바라보는 김수현과 김지원,폴킴 - 좋아해요
video_frames/8/frame_074.jpg,지하철에서 석양을 바라보는 김수현과 김지원,폴킴 - 좋아해요
video_frames/8/frame_075.jpg,지하철에서 석양을 바라보는 김수현과 김지원,폴킴 - 좋아해요
video_frames/8/frame_076.jpg,지하철에서 석양을 바라보는 김수현과 김지원,폴킴 - 좋아해요
video_frames/8/frame_077.jpg,지하철에서 석양을 바라보는 김수현과 김지원,폴킴 - 좋아해요
video_frames/8/frame_078.jpg,지하철에서 석양을 바라보는 김수현과 김지원,폴킴 - 좋아해요
video_frames/8/frame_079.jpg,지하철에서 석양을 바라보는 김수현과 김지원,폴킴 - 좋아해요
video_frames/8/frame_080.jpg,지하철에서 석양을 바라보는 김수현과 김지원,폴킴 - 좋아해요
video_frames/8/frame_081.jpg,지하철에서 석양을 바라보는 김수현과 김지원,폴킴 - 좋아해요
video_frames/8/frame_082.jpg,지하철에서 석양을 바라보는 김수현과 김지원,폴킴 - 좋아해요
video_frames/9/frame_000.jpg,조끼를 입고 거리를 걷는 김수현,헤이즈(Heize) - 멈춰줘
video_frames/9/frame_001.jpg,멀어져가는 김수현을 바라보는 김지원,헤이즈(Heize) - 멈춰줘
video_frames/9/frame_002.jpg,멀어져가는 김수현을 바라보는 김지원,헤이즈(Heize) - 멈춰줘
video_frames/9/frame_003.jpg,거리에 불빛이 켜지는 장면,헤이즈(Heize) - 멈춰줘
video_frames/9/frame_004.jpg,거리에 불빛이 켜지는 장면,헤이즈(Heize) - 멈춰줘
video_frames/9/frame_005.jpg,거리에 불빛이 켜지는 장면,헤이즈(Heize) - 멈춰줘
video_frames/9/frame_006.jpg,거리에 불빛이 켜지는 장면,헤이즈(Heize) - 멈춰줘
video_frames/9/frame_007.jpg,멀어져가는 김수현을 바라보는 김지원,헤이즈(Heize) - 멈춰줘
video_frames/9/frame_008.jpg,멀어져가는 김수현을 바라보는 김지원,헤이즈(Heize) - 멈춰줘
video_frames/9/frame_009.jpg,멀어져가는 김수현을 바라보는 김지원,헤이즈(Heize) - 멈춰줘
video_frames/9/frame_010.jpg,멀어져가는 김수현을 바라보는 김지원,헤이즈(Heize) - 멈춰줘
video_frames/9/frame_011.jpg,멀어져가는 김수현을 바라보는 김지원,헤이즈(Heize) - 멈춰줘
video_frames/9/frame_012.jpg,멀어져가는 김수현을 바라보는 김지원,헤이즈(Heize) - 멈춰줘
video_frames/9/frame_013.jpg,멀어져가는 김수현을 바라보는 김지원,헤이즈(Heize) - 멈춰줘
video_frames/9/frame_014.jpg,김수현의 젖어있는 정장을 알아본 김지원,헤이즈(Heize) - 멈춰줘
video_frames/9/frame_015.jpg,김수현의 젖어있는 정장을 알아본 김지원,헤이즈(Heize) - 멈춰줘
video_frames/9/frame_016.jpg,김수현의 젖어있는 정장을 알아본 김지원,헤이즈(Heize) - 멈춰줘
video_frames/9/frame_017.jpg,김수현의 젖어있는 정장을 알아본 김지원,헤이즈(Heize) - 멈춰줘
video_frames/9/frame_018.jpg,김수현의 젖어있는 정장을 알아본 김지원,헤이즈(Heize) - 멈춰줘
video_frames/9/frame_019.jpg,무서웠던 자신의 심정을 얘기하려고 용기를내는 김지원,헤이즈(Heize) - 멈춰줘
video_frames/9/frame_020.jpg,무서웠던 자신의 심정을 얘기하려고 용기를내는 김지원,헤이즈(Heize) - 멈춰줘
video_frames/9/frame_021.jpg,무서웠던 자신의 심정을 얘기하려고 용기를내는 김지원,헤이즈(Heize) - 멈춰줘
video_frames/9/frame_022.jpg,무서웠던 자신의 심정을 얘기하려고 용기를내는 김지원,헤이즈(Heize) - 멈춰줘
video_frames/9/frame_023.jpg,무서웠던 자신의 심정을 얘기하려고 용기를내는 김지원,헤이즈(Heize) - 멈춰줘
video_frames/9/frame_024.jpg,무서웠던 자신의 심정을 얘기하려고 용기를내는 김지원,헤이즈(Heize) - 멈춰줘
video_frames/9/frame_025.jpg,무서웠던 자신의 심정을 얘기하려고 용기를내는 김지원,헤이즈(Heize) - 멈춰줘
video_frames/9/frame_026.jpg,무서웠던 자신의 심정을 얘기하려고 용기를내는 김지원,헤이즈(Heize) - 멈춰줘
video_frames/9/frame_027.jpg,무서웠던 자신의 심정을 얘기하려고 용기를내는 김지원,헤이즈(Heize) - 멈춰줘
video_frames/9/frame_028.jpg,무서웠던 자신의 심정을 얘기하려고 용기를내는 김지원,헤이즈(Heize) - 멈춰줘
video_frames/9/frame_029.jpg,무서웠던 자신의 심정을 얘기하려고 용기를내는 김지원,헤이즈(Heize) - 멈춰줘
video_frames/9/frame_030.jpg,무서웠던 자신의 심정을 얘기하려고 용기를내는 김지원,헤이즈(Heize) - 멈춰줘
video_frames/9/frame_031.jpg,무서웠던 자신의 심정을 얘기하려고 용기를내는 김지원,헤이즈(Heize) - 멈춰줘
video_frames/9/frame_032.jpg,무서웠던 자신의 심정을 얘기하려고 용기를내는 김지원,헤이즈(Heize) - 멈춰줘
video_frames/9/frame_033.jpg,무서웠던 자신의 심정을 얘기하려고 용기를내는 김지원,헤이즈(Heize) - 멈춰줘
video_frames/9/frame_034.jpg,무서웠던 자신의 심정을 얘기하는 김지원,헤이즈(Heize) - 멈춰줘
video_frames/9/frame_035.jpg,무서웠던 자신의 심정을 얘기하는 김지원,헤이즈(Heize) - 멈춰줘
video_frames/9/frame_036.jpg,무서웠던 자신의 심정을 얘기하는 김지원,헤이즈(Heize) - 멈춰줘
video_frames/9/frame_037.jpg,무서웠던 자신의 심정을 얘기하는 김지원,헤이즈(Heize) - 멈춰줘
video_frames/9/frame_038.jpg,무서웠던 자신의 심정을 얘기하는 김지원,헤이즈(Heize) - 멈춰줘
video_frames/9/frame_039.jpg,무서웠던 자신의 심정을 얘기하는 김지원,헤이즈(Heize) - 멈춰줘
video_frames/9/frame_040.jpg,무서웠던 자신의 심정을 얘기하는 김지원,헤이즈(Heize) - 멈춰줘
video_frames/9/frame_041.jpg,무서웠던 자신의 심정을 얘기하는 김지원,헤이즈(Heize) - 멈춰줘
video_frames/9/frame_042.jpg,무서웠던 자신의 심정을 얘기하는 김지원,헤이즈(Heize) - 멈춰줘
video_frames/9/frame_043.jpg,무서웠던 자신의 심정을 얘기하는 김지원,헤이즈(Heize) - 멈춰줘
video_frames/9/frame_044.jpg,무서웠던 자신의 심정을 얘기하는 김지원,헤이즈(Heize) - 멈춰줘
video_frames/9/frame_045.jpg,무서웠던 자신의 심정을 얘기하는 김지원,헤이즈(Heize) - 멈춰줘
video_frames/9/frame_046.jpg,무서웠던 자신의 심정을 얘기하는 김지원,헤이즈(Heize) - 멈춰줘
video_frames/9/frame_047.jpg,무서웠던 자신의 심정을 얘기하는 김지원,헤이즈(Heize) - 멈춰줘
video_frames/9/frame_048.jpg,무서웠던 자신의 심정을 얘기하는 김지원,헤이즈(Heize) - 멈춰줘
video_frames/9/frame_049.jpg,무서웠던 자신의 심정을 얘기하는 김지원,헤이즈(Heize) - 멈춰줘
video_frames/9/frame_050.jpg,무서웠던 자신의 심정을 얘기하는 김지원,헤이즈(Heize) - 멈춰줘
video_frames/9/frame_051.jpg,무서웠던 자신의 심정을 얘기하는 김지원,헤이즈(Heize) - 멈춰줘
video_frames/9/frame_052.jpg,무서웠던 자신의 심정을 얘기하는 김지원,헤이즈(Heize) - 멈춰줘
video_frames/9/frame_053.jpg,무서웠던 자신의 심정을 얘기하는 김지원,헤이즈(Heize) - 멈춰줘
video_frames/9/frame_054.jpg,무서웠던 자신의 심정을 얘기하는 김지원,헤이즈(Heize) - 멈춰줘
video_frames/9/frame_055.jpg,무서웠던 자신의 심정을 얘기하는 김지원,헤이즈(Heize) - 멈춰줘
video_frames/9/frame_056.jpg,무서웠던 자신의 심정을 얘기하는 김지원,헤이즈(Heize) - 멈춰줘
video_frames/9/frame_057.jpg,무서웠던 자신의 심정을 얘기하는 김지원,헤이즈(Heize) - 멈춰줘
video_frames/9/frame_058.jpg,무서웠던 자신의 심정을 얘기하는 김지원,헤이즈(Heize) - 멈춰줘
video_frames/9/frame_059.jpg,무서웠던 자신의 심정을 얘기하는 김지원,헤이즈(Heize) - 멈춰줘
video_frames/9/frame_060.jpg,무서웠던 자신의 심정을 얘기하는 김지원,헤이즈(Heize) - 멈춰줘
video_frames/9/frame_061.jpg,무서웠던 자신의 심정을 얘기하는 김지원,헤이즈(Heize) - 멈춰줘
video_frames/9/frame_062.jpg,무서웠던 자신의 심정을 얘기하는 김지원,헤이즈(Heize) - 멈춰줘
video_frames/9/frame_063.jpg,무서웠던 자신의 심정을 얘기하는 김지원,헤이즈(Heize) - 멈춰줘
video_frames/9/frame_064.jpg,무서웠던 자신의 심정을 얘기하는 김지원,헤이즈(Heize) - 멈춰줘
video_frames/9/frame_065.jpg,무서웠던 자신의 심정을 얘기하는 김지원,헤이즈(Heize) - 멈춰줘
video_frames/9/frame_066.jpg,무서웠던 자신의 심정을 얘기하는 김지원,헤이즈(Heize) - 멈춰줘
video_frames/9/frame_067.jpg,무서웠던 자신의 심정을 얘기하는 김지원,헤이즈(Heize) - 멈춰줘
video_frames/9/frame_068.jpg,무서웠던 자신의 심정을 얘기하는 김지원,헤이즈(Heize) - 멈춰줘
video_frames/9/frame_069.jpg,무서웠던 자신의 심정을 얘기하는 김지원,헤이즈(Heize) - 멈춰줘
video_frames/9/frame_070.jpg,무서웠던 자신의 심정을 얘기하는 김지원,헤이즈(Heize) - 멈춰줘
video_frames/9/frame_071.jpg,무서웠던 자신의 심정을 얘기하는 김지원,헤이즈(Heize) - 멈춰줘
video_frames/9/frame_072.jpg,무서웠던 자신의 심정을 얘기하는 김지원,헤이즈(Heize) - 멈춰줘
video_frames/9/frame_073.jpg,무서웠던 자신의 심정을 얘기하는 김지원,헤이즈(Heize) - 멈춰줘
video_frames/9/frame_074.jpg,무서웠던 자신의 심정을 얘기하는 김지원,헤이즈(Heize) - 멈춰줘
video_frames/9/frame_075.jpg,무서웠던 자신의 심정을 얘기하는 김지원,헤이즈(Heize) - 멈춰줘
video_frames/9/frame_076.jpg,무서웠던 자신의 심정을 얘기하는 김지원,헤이즈(Heize) - 멈춰줘
video_frames/9/frame_077.jpg,무서웠던 자신의 심정을 얘기하는 김지원,헤이즈(Heize) - 멈춰줘
video_frames/9/frame_078.jpg,무서웠던 자신의 심정을 얘기하는 김지원,헤이즈(Heize) - 멈춰줘
video_frames/9/frame_079.jpg,무서웠던 자신의 심정을 얘기하는 김지원,헤이즈(Heize) - 멈춰줘
video_frames/9/frame_080.jpg,무서웠던 자신의 심정을 얘기하는 김지원,헤이즈(Heize) - 멈춰줘
video_frames/9/frame_081.jpg,무서웠던 자신의 심정을 얘기하는 김지원,헤이즈(Heize) - 멈춰줘
video_frames/9/frame_082.jpg,무서웠던 자신의 심정을 얘기하는 김지원,헤이즈(Heize) - 멈춰줘
video_frames/9/frame_083.jpg,무서웠던 자신의 심정을 얘기하는 김지원,헤이즈(Heize) - 멈춰줘
video_frames/9/frame_084.jpg,무서웠던 자신의 심정을 얘기하는 김지원,헤이즈(Heize) - 멈춰줘
video_frames/9/frame_085.jpg,무서웠던 자신의 심정을 얘기하는 김지원,헤이즈(Heize) - 멈춰줘
video_frames/9/frame_086.jpg,무서웠던 자신의 심정을 얘기하는 김지원,헤이즈(Heize) - 멈춰줘
video_frames/9/frame_087.jpg,무서웠던 자신의 심정을 얘기하는 김지원,헤이즈(Heize) - 멈춰줘
video_frames/9/frame_088.jpg,무서웠던 자신의 심정을 얘기하는 김지원,헤이즈(Heize) - 멈춰줘
video_frames/9/frame_089.jpg,무서웠던 자신의 심정을 얘기하는 김지원,헤이즈(Heize) - 멈춰줘
video_frames/9/frame_090.jpg,무서웠던 자신의 심정을 얘기하는 김지원,헤이즈(Heize) - 멈춰줘
video_frames/9/frame_091.jpg,자신의 무서웠던 감정을 얘기하는 김지원게게 달려와 안아주는 김수현,헤이즈(Heize) - 멈춰줘
video_frames/9/frame_092.jpg,자신의 무서웠던 감정을 얘기하는 김지원게게 달려와 안아주는 김수현,헤이즈(Heize) - 멈춰줘
video_frames/9/frame_093.jpg,자신의 무서웠던 감정을 얘기하는 김지원게게 달려와 안아주는 김수현,헤이즈(Heize) - 멈춰줘
video_frames/9/frame_094.jpg,자신의 무서웠던 감정을 얘기하는 김지원게게 달려와 안아주는 김수현,헤이즈(Heize) - 멈춰줘
video_frames/9/frame_095.jpg,자신의 무서웠던 감정을 얘기하는 김지원게게 달려와 안아주는 김수현,헤이즈(Heize) - 멈춰줘
video_frames/9/frame_096.jpg,자신의 무서웠던 감정을 얘기하는 김지원게게 달려와 안아주는 김수현,헤이즈(Heize) - 멈춰줘
video_frames/9/frame_097.jpg,자신의 무서웠던 감정을 얘기하는 김지원게게 달려와 안아주는 김수현,헤이즈(Heize) - 멈춰줘
video_frames/9/frame_098.jpg,자신의 무서웠던 감정을 얘기하는 김지원게게 달려와 안아주는 김수현,헤이즈(Heize) - 멈춰줘
video_frames/9/frame_099.jpg,자신의 무서웠던 감정을 얘기하는 김지원게게 달려와 안아주는 김수현,헤이즈(Heize) - 멈춰줘
video_frames/9/frame_100.jpg,자신의 무서웠던 감정을 얘기하는 김지원게게 달려와 안아주는 김수현,헤이즈(Heize) - 멈춰줘
video_frames/9/frame_101.jpg,자신의 무서웠던 감정을 얘기하는 김지원게게 달려와 안아주는 김수현,헤이즈(Heize) - 멈춰줘
video_frames/9/frame_102.jpg,자신의 무서웠던 감정을 얘기하는 김지원게게 달려와 안아주는 김수현,헤이즈(Heize) - 멈춰줘
video_frames/9/frame_103.jpg,자신의 무서웠던 감정을 얘기하는 김지원게게 달려와 안아주는 김수현,헤이즈(Heize) - 멈춰줘
video_frames/9/frame_104.jpg,자신의 무서웠던 감정을 얘기하는 김지원게게 달려와 안아주는 김수현,헤이즈(Heize) - 멈춰줘
video_frames/9/frame_105.jpg,자신의 무서웠던 감정을 얘기하는 김지원게게 달려와 안아주는 김수현,헤이즈(Heize) - 멈춰줘
video_frames/9/frame_106.jpg,자신의 무서웠던 감정을 얘기하는 김지원게게 달려와 안아주는 김수현,헤이즈(Heize) - 멈춰줘
video_frames/9/frame_107.jpg,자신의 무서웠던 감정을 얘기하는 김지원게게 달려와 안아주는 김수현,헤이즈(Heize) - 멈춰줘
video_frames/9/frame_108.jpg,자신의 무서웠던 감정을 얘기하는 김지원게게 달려와 안아주는 김수현,헤이즈(Heize) - 멈춰줘
video_frames/9/frame_109.jpg,자신의 무서웠던 감정을 얘기하는 김지원게게 달려와 안아주는 김수현,헤이즈(Heize) - 멈춰줘